{"v":"5.7.8","fr":15,"ip":0,"op":30,"w":500,"h":500,"nm":"Lottie_Layered","ddd":0,"assets":[],"layers":[{"ddd":0,"ind":1,"ty":4,"nm":"1 Outlines","sr":1,"ks":{"o":{"a":0,"k":100,"ix":11},"r":{"a":0,"k":0,"ix":10},"p":{"a":1,"k":[{"i":{"x":0.667,"y":1},"o":{"x":0.333,"y":0},"t":0,"s":[248.66900000000004,282.222,0],"to":[0,-12.333,0],"ti":[0,12.333,0]},{"t":10.0000004073083,"s":[248.66900000000004,208.222,0]}],"ix":2,"l":2},"a":{"a":0,"k":[109.012,49.209,0],"ix":1,"l":2},"s":{"a":0,"k":[100,100,100],"ix":6,"l":2}},"ao":0,"shapes":[{"ty":"gr","it":[{"ind":0,"ty":"sh","ix":1,"ks":{"a":0,"k":{"i":[[7.221,2.947],[0,0],[-13.723,5.6],[0,0],[-7.221,-2.947],[0,0],[13.723,-5.6],[0,0]],"o":[[0,0],[-13.723,-5.6],[0,0],[7.221,-2.947],[0,0],[13.723,5.6],[0,0],[-7.221,2.947]],"v":[[-11.825,46.012],[-95.039,12.056],[-95.039,-12.055],[-11.825,-46.011],[11.825,-46.011],[95.039,-12.055],[95.039,12.056],[11.825,46.012]],"c":true},"ix":2},"nm":"Path 1","mn":"ADBE Vector Shape - Group","hd":false},{"ty":"fl","c":{"a":0,"k":[0.9961,0.9608,0.7412,1],"ix":4},"o":{"a":0,"k":100,"ix":5},"r":1,"bm":0,"nm":"Fill 1","mn":"ADBE Vector Graphic - Fill","hd":false},{"ty":"tr","p":{"a":0,"k":[109.012,49.209],"ix":2},"a":{"a":0,"k":[0,0],"ix":1},"s":{"a":0,"k":[100,100],"ix":3},"r":{"a":0,"k":0,"ix":6},"o":{"a":0,"k":100,"ix":7},"sk":{"a":0,"k":0,"ix":4},"sa":{"a":0,"k":0,"ix":5},"nm":"Transform"}],"nm":"Group 1","np":2,"cix":2,"bm":0,"ix":1,"mn":"ADBE Vector Group","hd":false}],"ip":0,"op":30.0000012219251,"st":0,"bm":0},{"ddd":0,"ind":2,"ty":4,"nm":"2 Outlines","sr":1,"ks":{"o":{"a":0,"k":100,"ix":11},"r":{"a":0,"k":0,"ix":10},"p":{"a":1,"k":[{"i":{"x":0.667,"y":1},"o":{"x":0.333,"y":0},"t":0,"s":[248.66900000000004,301.951,0],"to":[0,-6.167,0],"ti":[0,6.167,0]},{"t":10.0000004073083,"s":[248.66900000000004,264.951,0]}],"ix":2,"l":2},"a":{"a":0,"k":[108.768,29.479,0],"ix":1,"l":2},"s":{"a":0,"k":[100,100,100],"ix":6,"l":2}},"ao":0,"shapes":[{"ty":"gr","it":[{"ind":0,"ty":"sh","ix":1,"ks":{"a":0,"k":{"i":[[8.788,6.313],[1.802,-0.736],[0,0],[7.222,2.947],[0,0],[1.329,0.955],[-11.919,-4.865],[0,0],[-7.222,2.947],[0,0]],"o":[[-1.329,0.955],[0,0],[-7.222,2.947],[0,0],[-1.802,-0.736],[-8.788,6.313],[0,0],[7.222,2.947],[0,0],[11.92,-4.865]],"v":[[99.73,-29.23],[95.039,-26.673],[11.826,7.283],[-11.826,7.283],[-95.04,-26.673],[-99.73,-29.23],[-95.04,-7.674],[-11.826,26.283],[11.826,26.283],[95.039,-7.674]],"c":true},"ix":2},"nm":"Path 1","mn":"ADBE Vector Shape - Group","hd":false},{"ty":"fl","c":{"a":0,"k":[0.9725,0.8824,0.3216,1],"ix":4},"o":{"a":0,"k":100,"ix":5},"r":1,"bm":0,"nm":"Fill 1","mn":"ADBE Vector Graphic - Fill","hd":false},{"ty":"tr","p":{"a":0,"k":[108.769,29.48],"ix":2},"a":{"a":0,"k":[0,0],"ix":1},"s":{"a":0,"k":[100,100],"ix":3},"r":{"a":0,"k":0,"ix":6},"o":{"a":0,"k":100,"ix":7},"sk":{"a":0,"k":0,"ix":4},"sa":{"a":0,"k":0,"ix":5},"nm":"Transform"}],"nm":"Group 1","np":2,"cix":2,"bm":0,"ix":1,"mn":"ADBE Vector Group","hd":false}],"ip":0,"op":30.0000012219251,"st":0,"bm":0},{"ddd":0,"ind":3,"ty":4,"nm":"3 Outlines","sr":1,"ks":{"o":{"a":0,"k":100,"ix":11},"r":{"a":0,"k":0,"ix":10},"p":{"a":0,"k":[248.66900000000004,301.951,0],"ix":2,"l":2},"a":{"a":0,"k":[108.768,29.479,0],"ix":1,"l":2},"s":{"a":0,"k":[100,100,100],"ix":6,"l":2}},"ao":0,"shapes":[{"ty":"gr","it":[{"ind":0,"ty":"sh","ix":1,"ks":{"a":0,"k":{"i":[[8.788,6.313],[1.802,-0.737],[0,0],[7.222,2.947],[0,0],[1.329,0.955],[-11.919,-4.865],[0,0],[-7.222,2.947],[0,0]],"o":[[-1.329,0.955],[0,0],[-7.222,2.947],[0,0],[-1.802,-0.737],[-8.788,6.313],[0,0],[7.222,2.947],[0,0],[11.92,-4.865]],"v":[[99.73,-29.23],[95.039,-26.673],[11.826,7.283],[-11.826,7.283],[-95.04,-26.673],[-99.73,-29.23],[-95.04,-7.674],[-11.826,26.283],[11.826,26.283],[95.039,-7.674]],"c":true},"ix":2},"nm":"Path 1","mn":"ADBE Vector Shape - Group","hd":false},{"ty":"fl","c":{"a":0,"k":[0.9961,0.9608,0.7412,1],"ix":4},"o":{"a":0,"k":100,"ix":5},"r":1,"bm":0,"nm":"Fill 1","mn":"ADBE Vector Graphic - Fill","hd":false},{"ty":"tr","p":{"a":0,"k":[108.769,29.479],"ix":2},"a":{"a":0,"k":[0,0],"ix":1},"s":{"a":0,"k":[100,100],"ix":3},"r":{"a":0,"k":0,"ix":6},"o":{"a":0,"k":100,"ix":7},"sk":{"a":0,"k":0,"ix":4},"sa":{"a":0,"k":0,"ix":5},"nm":"Transform"}],"nm":"Group 1","np":2,"cix":2,"bm":0,"ix":1,"mn":"ADBE Vector Group","hd":false}],"ip":0,"op":30.0000012219251,"st":0,"bm":0}],"markers":[]}