{"v":"4.12.3","fr":23.9759979248047,"ip":0,"op":77.9999932488641,"w":130,"h":75,"nm":"heart 80x80","ddd":0,"assets":[{"id":"comp_5","layers":[{"ddd":0,"ind":1,"ty":4,"nm":"full heart 6","sr":1,"ks":{"o":{"a":0,"k":100,"ix":11},"r":{"a":0,"k":0,"ix":10},"p":{"a":0,"k":[353.365,514.961,0],"ix":2},"a":{"a":0,"k":[-0.794,30.875,0],"ix":1},"s":{"a":1,"k":[{"i":{"x":[0,0,0],"y":[1,1,1]},"o":{"x":[0.333,0.333,0.333],"y":[0,0,0]},"n":["0_1_0p333_0","0_1_0p333_0","0_1_0p333_0"],"t":64,"s":[0,0,100],"e":[546,546,100]},{"t":72.9999936816292}],"ix":6}},"ao":0,"shapes":[{"ty":"gr","it":[{"ind":0,"ty":"sh","ix":1,"ks":{"a":0,"k":{"i":[[9,0.122],[-1.125,-17.5],[0,0],[-1.944,18.785],[11.514,-0.775],[0,0]],"o":[[-9.25,-0.125],[1.149,17.873],[0,0],[1.84,-17.784],[-10.662,0.718],[0,0]],"v":[[-16.75,-29.25],[-37.75,-8.25],[0.625,30.875],[36,-8.25],[16.875,-29.125],[-0.184,-18.662]],"c":true},"ix":2},"nm":"Trazado 1","mn":"ADBE Vector Shape - Group","hd":false},{"ty":"st","c":{"a":0,"k":[1,1,1,1],"ix":3},"o":{"a":0,"k":100,"ix":4},"w":{"a":0,"k":2.5,"ix":5},"lc":1,"lj":1,"ml":4,"nm":"Trazo 1","mn":"ADBE Vector Graphic - Stroke","hd":false},{"ty":"tr","p":{"a":0,"k":[0,0],"ix":2},"a":{"a":0,"k":[0,0],"ix":1},"s":{"a":0,"k":[100,100],"ix":3},"r":{"a":0,"k":0,"ix":6},"o":{"a":0,"k":100,"ix":7},"sk":{"a":0,"k":0,"ix":4},"sa":{"a":0,"k":0,"ix":5},"nm":"Transformar"}],"nm":"Forma 1","np":3,"cix":2,"ix":1,"mn":"ADBE Vector Group","hd":false}],"ip":62.9999945471595,"op":92.9999919505687,"st":62.9999945471595,"bm":0},{"ddd":0,"ind":2,"ty":4,"nm":"full heart 5","sr":1,"ks":{"o":{"a":0,"k":100,"ix":11},"r":{"a":0,"k":0,"ix":10},"p":{"a":0,"k":[353.365,514.961,0],"ix":2},"a":{"a":0,"k":[-0.794,30.875,0],"ix":1},"s":{"a":1,"k":[{"i":{"x":[0,0,0],"y":[1,1,1]},"o":{"x":[0.333,0.333,0.333],"y":[0,0,0]},"n":["0_1_0p333_0","0_1_0p333_0","0_1_0p333_0"],"t":64,"s":[0,0,100],"e":[546,546,100]},{"t":72.9999936816292}],"ix":6}},"ao":0,"shapes":[{"ty":"gr","it":[{"ind":0,"ty":"sh","ix":1,"ks":{"a":0,"k":{"i":[[9,0.122],[-1.125,-17.5],[0,0],[-1.944,18.785],[11.514,-0.775],[0,0]],"o":[[-9.25,-0.125],[1.149,17.873],[0,0],[1.84,-17.784],[-10.662,0.718],[0,0]],"v":[[-16.75,-29.25],[-37.75,-8.25],[0.625,30.875],[36,-8.25],[16.875,-29.125],[-0.184,-18.662]],"c":true},"ix":2},"nm":"Trazado 1","mn":"ADBE Vector Shape - Group","hd":false},{"ty":"st","c":{"a":0,"k":[1,1,1,1],"ix":3},"o":{"a":0,"k":100,"ix":4},"w":{"a":0,"k":2.5,"ix":5},"lc":1,"lj":1,"ml":4,"nm":"Trazo 1","mn":"ADBE Vector Graphic - Stroke","hd":false},{"ty":"fl","c":{"a":0,"k":[0.988235294118,0.254901960784,0.396078431373,1],"ix":4},"o":{"a":0,"k":100,"ix":5},"r":1,"nm":"Relleno 1","mn":"ADBE Vector Graphic - Fill","hd":false},{"ty":"tr","p":{"a":0,"k":[0,0],"ix":2},"a":{"a":0,"k":[0,0],"ix":1},"s":{"a":0,"k":[100,100],"ix":3},"r":{"a":0,"k":0,"ix":6},"o":{"a":0,"k":100,"ix":7},"sk":{"a":0,"k":0,"ix":4},"sa":{"a":0,"k":0,"ix":5},"nm":"Transformar"}],"nm":"Forma 1","np":3,"cix":2,"ix":1,"mn":"ADBE Vector Group","hd":false}],"ip":62.9999945471595,"op":92.9999919505687,"st":62.9999945471595,"bm":0},{"ddd":0,"ind":3,"ty":4,"nm":"left","sr":1,"ks":{"o":{"a":0,"k":100,"ix":11},"r":{"a":1,"k":[{"i":{"x":[0.667],"y":[1]},"o":{"x":[0.333],"y":[0]},"n":["0p667_1_0p333_0"],"t":30,"s":[0],"e":[-44]},{"i":{"x":[0.833],"y":[1]},"o":{"x":[0.167],"y":[0]},"n":["0p833_1_0p167_0"],"t":35,"s":[-44],"e":[-47]},{"i":{"x":[0.833],"y":[1]},"o":{"x":[0.167],"y":[0]},"n":["0p833_1_0p167_0"],"t":37,"s":[-47],"e":[-44]},{"t":39.999996537879}],"ix":10},"p":{"a":1,"k":[{"i":{"x":0.667,"y":1},"o":{"x":0.333,"y":0},"n":"0p667_1_0p333_0","t":30,"s":[356.5,517.661,0],"e":[356.5,499.661,0],"to":[0,-3,0],"ti":[0,3,0]},{"t":34.9999969706441}],"ix":2},"a":{"a":0,"k":[6.5,167.661,0],"ix":1},"s":{"a":1,"k":[{"i":{"x":[0.833,0.833,0.833],"y":[0.833,0.833,17.667]},"o":{"x":[1,1,1],"y":[0,0,0]},"n":["0p833_0p833_1_0","0p833_0p833_1_0","0p833_17p667_1_0"],"t":50,"s":[100,100,100],"e":[0,0,100]},{"t":56.9999950664776}],"ix":6}},"ao":0,"shapes":[{"ty":"gr","it":[{"ind":0,"ty":"sh","ix":1,"ks":{"a":0,"k":{"i":[[70.5,-6],[-4.243,-55.163],[-92.5,-60.5],[0,0],[0,0],[0,0],[0,0],[0,0]],"o":[[-67.323,5.73],[6.5,84.5],[0.837,0.547],[0,0],[0,0],[0,0],[0,0],[0,0]],"v":[[-101,-163],[-200,-52],[6.5,167.5],[-6,137],[38,74],[-26,-9],[29,-52],[10,-103.5]],"c":true},"ix":2},"nm":"Trazado 1","mn":"ADBE Vector Shape - Group","hd":false},{"ty":"st","c":{"a":0,"k":[1,1,1,1],"ix":3},"o":{"a":0,"k":100,"ix":4},"w":{"a":0,"k":13,"ix":5},"lc":1,"lj":1,"ml":4,"nm":"Trazo 1","mn":"ADBE Vector Graphic - Stroke","hd":false},{"ty":"fl","c":{"a":0,"k":[0.988235294118,0.254901960784,0.396078431373,1],"ix":4},"o":{"a":0,"k":100,"ix":5},"r":1,"nm":"Relleno 1","mn":"ADBE Vector Graphic - Fill","hd":false},{"ty":"tr","p":{"a":0,"k":[0,0],"ix":2},"a":{"a":0,"k":[0,0],"ix":1},"s":{"a":0,"k":[100,100],"ix":3},"r":{"a":0,"k":0,"ix":6},"o":{"a":0,"k":100,"ix":7},"sk":{"a":0,"k":0,"ix":4},"sa":{"a":0,"k":0,"ix":5},"nm":"Transformar"}],"nm":"Forma 1","np":3,"cix":2,"ix":1,"mn":"ADBE Vector Group","hd":false}],"ip":29.9999974034093,"op":136.999988142236,"st":29.9999974034093,"bm":0},{"ddd":0,"ind":4,"ty":4,"nm":"right","sr":1,"ks":{"o":{"a":0,"k":100,"ix":11},"r":{"a":1,"k":[{"i":{"x":[0.667],"y":[1]},"o":{"x":[0.333],"y":[0]},"n":["0p667_1_0p333_0"],"t":30,"s":[0],"e":[45]},{"i":{"x":[0.833],"y":[1]},"o":{"x":[0.167],"y":[0]},"n":["0p833_1_0p167_0"],"t":35,"s":[45],"e":[47]},{"i":{"x":[0.833],"y":[1]},"o":{"x":[0.167],"y":[0]},"n":["0p833_1_0p167_0"],"t":37,"s":[47],"e":[45]},{"t":39.999996537879}],"ix":10},"p":{"a":1,"k":[{"i":{"x":0.667,"y":1},"o":{"x":0.333,"y":0},"n":"0p667_1_0p333_0","t":30,"s":[355.5,516.492,0],"e":[351.5,514.492,0],"to":[-0.66666668653488,-0.33333334326744,0],"ti":[0.66666668653488,0.33333334326744,0]},{"t":34.9999969706441}],"ix":2},"a":{"a":0,"k":[5.5,166.492,0],"ix":1},"s":{"a":1,"k":[{"i":{"x":[0.833,0.833,0.833],"y":[0.833,0.833,17.667]},"o":{"x":[1,1,1],"y":[0,0,0]},"n":["0p833_0p833_1_0","0p833_0p833_1_0","0p833_17p667_1_0"],"t":50,"s":[100,100,100],"e":[0,0,100]},{"t":56.9999950664776}],"ix":6}},"ao":0,"shapes":[{"ty":"gr","it":[{"ind":0,"ty":"sh","ix":1,"ks":{"a":0,"k":{"i":[[70.505,-0.53],[0,0],[0,0],[0,0],[0,0],[0,0],[0,0],[-3.4,69.462]],"o":[[-66.5,0.5],[0,0],[0,0],[0,0],[0,0],[0,0],[104,-64],[3.5,-71.5]],"v":[[103.5,-162.5],[7,-115],[29,-52],[-26,-9],[38,74],[-6,137],[6.5,167],[201,-55]],"c":true},"ix":2},"nm":"Trazado 1","mn":"ADBE Vector Shape - Group","hd":false},{"ty":"st","c":{"a":0,"k":[1,1,1,1],"ix":3},"o":{"a":0,"k":100,"ix":4},"w":{"a":0,"k":13,"ix":5},"lc":1,"lj":1,"ml":4,"nm":"Trazo 1","mn":"ADBE Vector Graphic - Stroke","hd":false},{"ty":"fl","c":{"a":0,"k":[0.988235294118,0.254901960784,0.396078431373,1],"ix":4},"o":{"a":0,"k":100,"ix":5},"r":1,"nm":"Relleno 1","mn":"ADBE Vector Graphic - Fill","hd":false},{"ty":"tr","p":{"a":0,"k":[6.83,163.988],"ix":2},"a":{"a":0,"k":[6.83,163.988],"ix":1},"s":{"a":0,"k":[100,100],"ix":3},"r":{"a":0,"k":0,"ix":6},"o":{"a":0,"k":100,"ix":7},"sk":{"a":0,"k":0,"ix":4},"sa":{"a":0,"k":0,"ix":5},"nm":"Transformar"}],"nm":"Forma 1","np":3,"cix":2,"ix":1,"mn":"ADBE Vector Group","hd":false}],"ip":29.9999974034093,"op":136.999988142236,"st":29.9999974034093,"bm":0},{"ddd":0,"ind":5,"ty":4,"nm":"full heart 4","sr":1,"ks":{"o":{"a":0,"k":100,"ix":11},"r":{"a":0,"k":0,"ix":10},"p":{"a":0,"k":[353,350.811,0],"ix":2},"a":{"a":0,"k":[-0.861,0.811,0],"ix":1},"s":{"a":0,"k":[546,546,100],"ix":6}},"ao":0,"shapes":[{"ty":"gr","it":[{"ind":0,"ty":"sh","ix":1,"ks":{"a":0,"k":{"i":[[9,0.122],[-1.125,-17.5],[0,0],[-1.944,18.785],[11.514,-0.775],[0,0]],"o":[[-9.25,-0.125],[1.149,17.873],[0,0],[1.84,-17.784],[-10.662,0.718],[0,0]],"v":[[-16.75,-29.25],[-37.75,-8.25],[0.625,30.875],[36,-8.25],[16.875,-29.125],[-0.184,-18.662]],"c":true},"ix":2},"nm":"Trazado 1","mn":"ADBE Vector Shape - Group","hd":false},{"ty":"st","c":{"a":0,"k":[1,1,1,1],"ix":3},"o":{"a":0,"k":100,"ix":4},"w":{"a":0,"k":2.5,"ix":5},"lc":1,"lj":1,"ml":4,"nm":"Trazo 1","mn":"ADBE Vector Graphic - Stroke","hd":false},{"ty":"tr","p":{"a":0,"k":[0,0],"ix":2},"a":{"a":0,"k":[0,0],"ix":1},"s":{"a":0,"k":[100,100],"ix":3},"r":{"a":0,"k":0,"ix":6},"o":{"a":0,"k":100,"ix":7},"sk":{"a":0,"k":0,"ix":4},"sa":{"a":0,"k":0,"ix":5},"nm":"Transformar"}],"nm":"Forma 1","np":3,"cix":2,"ix":1,"mn":"ADBE Vector Group","hd":false}],"ip":0,"op":29.9999974034093,"st":0,"bm":0},{"ddd":0,"ind":6,"ty":4,"nm":"break","sr":1,"ks":{"o":{"a":0,"k":100,"ix":11},"r":{"a":0,"k":0,"ix":10},"p":{"a":0,"k":[350,350,0],"ix":2},"a":{"a":0,"k":[0,0,0],"ix":1},"s":{"a":0,"k":[100,100,100],"ix":6}},"ao":0,"shapes":[{"ty":"gr","it":[{"ind":0,"ty":"sh","ix":1,"ks":{"a":0,"k":{"i":[[0,0],[0,0],[0,0],[0,0],[0,0],[0,0]],"o":[[0,0],[0,0],[0,0],[0,0],[0,0],[0,0]],"v":[[6.5,-112.5],[29,-52],[-26,-9],[38,74],[-6,137],[7.125,166.875]],"c":false},"ix":2},"nm":"Trazado 1","mn":"ADBE Vector Shape - Group","hd":false},{"ty":"st","c":{"a":0,"k":[1,1,1,1],"ix":3},"o":{"a":0,"k":100,"ix":4},"w":{"a":0,"k":13,"ix":5},"lc":1,"lj":1,"ml":4,"nm":"Trazo 1","mn":"ADBE Vector Graphic - Stroke","hd":false},{"ty":"tr","p":{"a":0,"k":[0,0],"ix":2},"a":{"a":0,"k":[0,0],"ix":1},"s":{"a":0,"k":[100,100],"ix":3},"r":{"a":0,"k":0,"ix":6},"o":{"a":0,"k":100,"ix":7},"sk":{"a":0,"k":0,"ix":4},"sa":{"a":0,"k":0,"ix":5},"nm":"Transformar"}],"nm":"Forma 1","np":3,"cix":2,"ix":1,"mn":"ADBE Vector Group","hd":false},{"ty":"tm","s":{"a":0,"k":0,"ix":1},"e":{"a":1,"k":[{"i":{"x":[0.732],"y":[1.006]},"o":{"x":[0.657],"y":[-0.016]},"n":["0p732_1p006_0p657_-0p016"],"t":0,"s":[0],"e":[100]},{"t":29.9999974034093}],"ix":2},"o":{"a":0,"k":0,"ix":3},"m":1,"ix":2,"nm":"Recortar trazados 1","mn":"ADBE Vector Filter - Trim","hd":false}],"ip":0,"op":29.9999974034093,"st":0,"bm":0},{"ddd":0,"ind":7,"ty":4,"nm":"full heart 2","sr":1,"ks":{"o":{"a":0,"k":100,"ix":11},"r":{"a":0,"k":0,"ix":10},"p":{"a":0,"k":[353,350.811,0],"ix":2},"a":{"a":0,"k":[-0.861,0.811,0],"ix":1},"s":{"a":0,"k":[546,546,100],"ix":6}},"ao":0,"shapes":[{"ty":"gr","it":[{"ind":0,"ty":"sh","ix":1,"ks":{"a":0,"k":{"i":[[9,0.122],[-1.125,-17.5],[0,0],[-1.944,18.785],[11.514,-0.775],[0,0]],"o":[[-9.25,-0.125],[1.149,17.873],[0,0],[1.84,-17.784],[-10.662,0.718],[0,0]],"v":[[-16.75,-29.25],[-37.75,-8.25],[0.625,30.875],[36,-8.25],[16.875,-29.125],[-0.184,-18.662]],"c":true},"ix":2},"nm":"Trazado 1","mn":"ADBE Vector Shape - Group","hd":false},{"ty":"st","c":{"a":0,"k":[1,1,1,1],"ix":3},"o":{"a":0,"k":100,"ix":4},"w":{"a":0,"k":2.5,"ix":5},"lc":1,"lj":1,"ml":4,"nm":"Trazo 1","mn":"ADBE Vector Graphic - Stroke","hd":false},{"ty":"fl","c":{"a":0,"k":[0.988235294118,0.254901960784,0.396078431373,1],"ix":4},"o":{"a":0,"k":100,"ix":5},"r":1,"nm":"Relleno 1","mn":"ADBE Vector Graphic - Fill","hd":false},{"ty":"tr","p":{"a":0,"k":[0,0],"ix":2},"a":{"a":0,"k":[0,0],"ix":1},"s":{"a":0,"k":[100,100],"ix":3},"r":{"a":0,"k":0,"ix":6},"o":{"a":0,"k":100,"ix":7},"sk":{"a":0,"k":0,"ix":4},"sa":{"a":0,"k":0,"ix":5},"nm":"Transformar"}],"nm":"Forma 1","np":3,"cix":2,"ix":1,"mn":"ADBE Vector Group","hd":false}],"ip":0,"op":29.9999974034093,"st":0,"bm":0}]}],"layers":[{"ddd":0,"ind":1,"ty":0,"nm":"heart high res","refId":"comp_5","sr":1,"ks":{"o":{"a":0,"k":100,"ix":11},"r":{"a":0,"k":0,"ix":10},"p":{"a":0,"k":[64.597,36.5,0],"ix":2},"a":{"a":0,"k":[350,350,0],"ix":1},"s":{"a":0,"k":[18.5,18.5,100],"ix":6}},"ao":0,"w":700,"h":700,"ip":0,"op":106.999990738826,"st":0,"bm":0}]}