{"v":"5.7.1","fr":25,"ip":0,"op":200,"w":1000,"h":1000,"nm":"Work frome Home Mailing F","ddd":0,"assets":[],"layers":[{"ddd":0,"ind":1,"ty":3,"nm":"Null 1","sr":1,"ks":{"o":{"a":0,"k":0,"ix":11},"r":{"a":0,"k":0,"ix":10},"p":{"a":0,"k":[500,652,0],"ix":2},"a":{"a":0,"k":[0,0,0],"ix":1},"s":{"a":0,"k":[100,100,100],"ix":6}},"ao":0,"ip":0,"op":200,"st":0,"bm":0},{"ddd":0,"ind":2,"ty":4,"nm":"mail 4","parent":1,"td":1,"sr":1,"ks":{"o":{"a":0,"k":99,"ix":11},"r":{"a":0,"k":0,"ix":10},"p":{"a":0,"k":[183.055,-315.211,0],"ix":2},"a":{"a":0,"k":[2153.478,680.843,0],"ix":1},"s":{"a":0,"k":[56,56,100],"ix":6}},"ao":0,"shapes":[{"ty":"gr","it":[{"ind":0,"ty":"sh","ix":1,"ks":{"a":0,"k":{"i":[[-0.758,-2.403],[0,0],[0,0],[0,0],[-21.953,-7.476],[-0.627,-0.393]],"o":[[0,0],[0,0],[0,0],[0,0],[9.299,3.167],[1.978,1.239]],"v":[[78.735,-34.708],[80.678,-28.718],[-58.964,72.319],[-68.916,40.154],[58.006,-46.114],[74.435,-40.273]],"c":true},"ix":2},"nm":"Path 4","mn":"ADBE Vector Shape - Group","hd":false},{"ty":"fl","c":{"a":0,"k":[0.8919,0.7954,0.1681,1],"ix":4},"o":{"a":0,"k":100,"ix":5},"r":1,"bm":0,"nm":"Fill 3","mn":"ADBE Vector Graphic - Fill","hd":false},{"ty":"tr","p":{"a":0,"k":[1801.139,934.164],"ix":2},"a":{"a":0,"k":[0,0],"ix":1},"s":{"a":0,"k":[594,594],"ix":3},"r":{"a":0,"k":17.3,"ix":6},"o":{"a":0,"k":100,"ix":7},"sk":{"a":0,"k":0,"ix":4},"sa":{"a":0,"k":0,"ix":5},"nm":"Transform"}],"nm":"back 2","np":2,"cix":2,"bm":0,"ix":1,"mn":"ADBE Vector Group","hd":false}],"ip":0,"op":204,"st":-23,"bm":0},{"ddd":0,"ind":3,"ty":4,"nm":"plane 2","parent":1,"tt":2,"sr":1,"ks":{"o":{"a":0,"k":100,"ix":11},"r":{"a":0,"k":-30.27,"ix":10},"p":{"a":1,"k":[{"i":{"x":0.57,"y":1},"o":{"x":0.43,"y":0},"t":0,"s":[-417.664,54.901,0],"to":[29.664,67.099,0],"ti":[8.659,75.131,0]},{"i":{"x":0.57,"y":1},"o":{"x":0.444,"y":0},"t":50,"s":[384.659,-254.869,0],"to":[-6.219,-53.959,0],"ti":[-29.664,-67.099,0]},{"i":{"x":0.57,"y":1},"o":{"x":0.43,"y":0},"t":100,"s":[-417.664,54.901,0],"to":[29.664,67.099,0],"ti":[8.659,75.131,0]},{"i":{"x":0.595,"y":1},"o":{"x":0.444,"y":0},"t":150,"s":[384.659,-254.869,0],"to":[-6.219,-53.959,0],"ti":[-17.336,-57.901,0]},{"t":199,"s":[-417.664,54.901,0]}],"ix":2},"a":{"a":0,"k":[816.438,755.113,0],"ix":1},"s":{"a":0,"k":[65,65,100],"ix":6}},"ao":0,"shapes":[{"ty":"gr","it":[{"ind":0,"ty":"sh","ix":1,"ks":{"a":1,"k":[{"i":{"x":0.833,"y":0.833},"o":{"x":0.167,"y":0.167},"t":-7,"s":[{"i":[[0,0],[0,0],[0,0]],"o":[[0,0],[0,0],[0,0]],"v":[[18.514,-6.941],[-33.276,21.927],[93.386,-0.562]],"c":true}]},{"i":{"x":0.667,"y":1},"o":{"x":0.167,"y":0.167},"t":3,"s":[{"i":[[0,0],[0,0],[0,0]],"o":[[0,0],[0,0],[0,0]],"v":[[-6.915,-14.251],[-9.38,40.839],[47.51,-30.24]],"c":true}]},{"i":{"x":0.833,"y":0.833},"o":{"x":0.333,"y":0},"t":12,"s":[{"i":[[0,0],[0,0],[0,0]],"o":[[0,0],[0,0],[0,0]],"v":[[21.986,-29.805],[113.019,32.241],[42.547,-64.73]],"c":true}]},{"i":{"x":0.833,"y":0.833},"o":{"x":0.167,"y":0.167},"t":30,"s":[{"i":[[0,0],[0,0],[0,0]],"o":[[0,0],[0,0],[0,0]],"v":[[-0.528,-14.328],[129.556,-5.673],[-49.243,-49.537]],"c":true}]},{"i":{"x":0.833,"y":0.833},"o":{"x":0.167,"y":0.167},"t":48,"s":[{"i":[[0,0],[0,0],[0,0]],"o":[[0,0],[0,0],[0,0]],"v":[[12.419,-8.39],[20.033,-35.22],[-88.885,-12.543]],"c":true}]},{"i":{"x":0.32,"y":1},"o":{"x":0.167,"y":0.167},"t":61,"s":[{"i":[[0,0],[0,0],[0,0]],"o":[[0,0],[0,0],[0,0]],"v":[[55.573,8.709],[-40.935,-18.354],[28.444,45.375]],"c":true}]},{"i":{"x":0.667,"y":1},"o":{"x":0.167,"y":0.167},"t":70,"s":[{"i":[[0,0],[0,0],[0,0]],"o":[[0,0],[0,0],[0,0]],"v":[[6.11,3.203],[-110.008,-19.184],[7.061,50.133]],"c":true}]},{"i":{"x":0.833,"y":0.833},"o":{"x":0.333,"y":0},"t":84,"s":[{"i":[[0,0],[0,0],[0,0]],"o":[[0,0],[0,0],[0,0]],"v":[[70.462,-13.025],[-68.13,-5.656],[131.7,43.826]],"c":true}]},{"i":{"x":0.833,"y":0.833},"o":{"x":0.167,"y":0.167},"t":93,"s":[{"i":[[0,0],[0,0],[0,0]],"o":[[0,0],[0,0],[0,0]],"v":[[18.514,-6.941],[-33.276,21.927],[93.387,-0.562]],"c":true}]},{"i":{"x":0.667,"y":1},"o":{"x":0.167,"y":0.167},"t":103,"s":[{"i":[[0,0],[0,0],[0,0]],"o":[[0,0],[0,0],[0,0]],"v":[[-6.915,-14.251],[-9.38,40.839],[47.51,-30.24]],"c":true}]},{"i":{"x":0.833,"y":0.833},"o":{"x":0.333,"y":0},"t":112,"s":[{"i":[[0,0],[0,0],[0,0]],"o":[[0,0],[0,0],[0,0]],"v":[[21.986,-29.805],[113.019,32.241],[42.547,-64.73]],"c":true}]},{"i":{"x":0.833,"y":0.833},"o":{"x":0.167,"y":0.167},"t":130,"s":[{"i":[[0,0],[0,0],[0,0]],"o":[[0,0],[0,0],[0,0]],"v":[[-0.528,-14.328],[129.556,-5.673],[-49.243,-49.537]],"c":true}]},{"i":{"x":0.833,"y":0.833},"o":{"x":0.167,"y":0.167},"t":148,"s":[{"i":[[0,0],[0,0],[0,0]],"o":[[0,0],[0,0],[0,0]],"v":[[12.419,-8.39],[20.033,-35.22],[-88.885,-12.543]],"c":true}]},{"i":{"x":0.32,"y":1},"o":{"x":0.167,"y":0.167},"t":161,"s":[{"i":[[0,0],[0,0],[0,0]],"o":[[0,0],[0,0],[0,0]],"v":[[55.573,8.709],[-40.935,-18.354],[28.444,45.375]],"c":true}]},{"i":{"x":0.667,"y":1},"o":{"x":0.167,"y":0.167},"t":170,"s":[{"i":[[0,0],[0,0],[0,0]],"o":[[0,0],[0,0],[0,0]],"v":[[6.11,3.203],[-110.008,-19.184],[7.061,50.133]],"c":true}]},{"i":{"x":0.833,"y":0.833},"o":{"x":0.333,"y":0},"t":184,"s":[{"i":[[0,0],[0,0],[0,0]],"o":[[0,0],[0,0],[0,0]],"v":[[70.462,-13.025],[-68.13,-5.656],[131.7,43.826]],"c":true}]},{"i":{"x":0.833,"y":0.833},"o":{"x":0.167,"y":0.167},"t":193,"s":[{"i":[[0,0],[0,0],[0,0]],"o":[[0,0],[0,0],[0,0]],"v":[[18.514,-6.941],[-33.276,21.927],[93.386,-0.562]],"c":true}]},{"t":203,"s":[{"i":[[0,0],[0,0],[0,0]],"o":[[0,0],[0,0],[0,0]],"v":[[-6.915,-14.251],[-9.38,40.839],[47.51,-30.24]],"c":true}]}],"ix":2},"nm":"Path 2","mn":"ADBE Vector Shape - Group","hd":false},{"ind":1,"ty":"sh","ix":2,"ks":{"a":1,"k":[{"i":{"x":0.833,"y":0.833},"o":{"x":0.167,"y":0.167},"t":-7,"s":[{"i":[[0,0],[0,0],[0,0]],"o":[[0,0],[0,0],[0,0]],"v":[[-33.276,21.927],[5.299,-10.555],[-29.451,-26.172]],"c":true}]},{"i":{"x":0.667,"y":1},"o":{"x":0.167,"y":0.167},"t":3,"s":[{"i":[[0,0],[0,0],[0,0]],"o":[[0,0],[0,0],[0,0]],"v":[[-9.38,40.839],[-24.162,-11.06],[-91.62,-22.853]],"c":true}]},{"i":{"x":0.833,"y":0.833},"o":{"x":0.333,"y":0},"t":12,"s":[{"i":[[0,0],[0,0],[0,0]],"o":[[0,0],[0,0],[0,0]],"v":[[113.019,32.241],[-1.135,-26.615],[-113.019,-32.241]],"c":true}]},{"i":{"x":0.833,"y":0.833},"o":{"x":0.167,"y":0.167},"t":30,"s":[{"i":[[0,0],[0,0],[0,0]],"o":[[0,0],[0,0],[0,0]],"v":[[129.556,-5.673],[7.207,-4.426],[12.17,72.534]],"c":true}]},{"i":{"x":0.833,"y":0.833},"o":{"x":0.167,"y":0.167},"t":48,"s":[{"i":[[0,0],[0,0],[0,0]],"o":[[0,0],[0,0],[0,0]],"v":[[20.033,-35.22],[24.82,-6.359],[108.512,9]],"c":true}]},{"i":{"x":0.32,"y":1},"o":{"x":0.167,"y":0.167},"t":61,"s":[{"i":[[0,0],[0,0],[0,0]],"o":[[0,0],[0,0],[0,0]],"v":[[-40.935,-18.354],[69.258,0.624],[114.118,-27.203]],"c":true}]},{"i":{"x":0.667,"y":1},"o":{"x":0.167,"y":0.167},"t":70,"s":[{"i":[[0,0],[0,0],[0,0]],"o":[[0,0],[0,0],[0,0]],"v":[[-110.008,-19.184],[15.525,-1.402],[54.092,-19.43]],"c":true}]},{"i":{"x":0.833,"y":0.833},"o":{"x":0.333,"y":0},"t":84,"s":[{"i":[[0,0],[0,0],[0,0]],"o":[[0,0],[0,0],[0,0]],"v":[[-68.13,-5.656],[63.129,-26.565],[63.443,-50.053]],"c":true}]},{"i":{"x":0.833,"y":0.833},"o":{"x":0.167,"y":0.167},"t":93,"s":[{"i":[[0,0],[0,0],[0,0]],"o":[[0,0],[0,0],[0,0]],"v":[[-33.276,21.927],[5.299,-10.555],[-29.451,-26.172]],"c":true}]},{"i":{"x":0.667,"y":1},"o":{"x":0.167,"y":0.167},"t":103,"s":[{"i":[[0,0],[0,0],[0,0]],"o":[[0,0],[0,0],[0,0]],"v":[[-9.38,40.839],[-24.162,-11.06],[-91.62,-22.853]],"c":true}]},{"i":{"x":0.833,"y":0.833},"o":{"x":0.333,"y":0},"t":112,"s":[{"i":[[0,0],[0,0],[0,0]],"o":[[0,0],[0,0],[0,0]],"v":[[113.019,32.241],[-1.135,-26.615],[-113.019,-32.241]],"c":true}]},{"i":{"x":0.833,"y":0.833},"o":{"x":0.167,"y":0.167},"t":130,"s":[{"i":[[0,0],[0,0],[0,0]],"o":[[0,0],[0,0],[0,0]],"v":[[129.556,-5.673],[7.207,-4.426],[12.17,72.534]],"c":true}]},{"i":{"x":0.833,"y":0.833},"o":{"x":0.167,"y":0.167},"t":148,"s":[{"i":[[0,0],[0,0],[0,0]],"o":[[0,0],[0,0],[0,0]],"v":[[20.033,-35.22],[24.82,-6.359],[108.512,9]],"c":true}]},{"i":{"x":0.32,"y":1},"o":{"x":0.167,"y":0.167},"t":161,"s":[{"i":[[0,0],[0,0],[0,0]],"o":[[0,0],[0,0],[0,0]],"v":[[-40.935,-18.354],[69.258,0.624],[114.118,-27.203]],"c":true}]},{"i":{"x":0.667,"y":1},"o":{"x":0.167,"y":0.167},"t":170,"s":[{"i":[[0,0],[0,0],[0,0]],"o":[[0,0],[0,0],[0,0]],"v":[[-110.008,-19.184],[15.525,-1.402],[54.092,-19.43]],"c":true}]},{"i":{"x":0.833,"y":0.833},"o":{"x":0.333,"y":0},"t":184,"s":[{"i":[[0,0],[0,0],[0,0]],"o":[[0,0],[0,0],[0,0]],"v":[[-68.13,-5.656],[63.129,-26.565],[63.443,-50.053]],"c":true}]},{"i":{"x":0.833,"y":0.833},"o":{"x":0.167,"y":0.167},"t":193,"s":[{"i":[[0,0],[0,0],[0,0]],"o":[[0,0],[0,0],[0,0]],"v":[[-33.276,21.927],[5.299,-10.555],[-29.451,-26.172]],"c":true}]},{"t":203,"s":[{"i":[[0,0],[0,0],[0,0]],"o":[[0,0],[0,0],[0,0]],"v":[[-9.38,40.839],[-24.162,-11.06],[-91.62,-22.853]],"c":true}]}],"ix":2},"nm":"Path 1","mn":"ADBE Vector Shape - Group","hd":false},{"ty":"fl","c":{"a":0,"k":[0.9316,0.9178,0.8284,1],"ix":4},"o":{"a":0,"k":100,"ix":5},"r":1,"bm":0,"nm":"Fill 1","mn":"ADBE Vector Graphic - Fill","hd":false},{"ind":3,"ty":"sh","ix":4,"ks":{"a":1,"k":[{"i":{"x":0.833,"y":0.833},"o":{"x":0.167,"y":0.167},"t":-7,"s":[{"i":[[0,0],[0,0],[0,0],[0,0],[0,0]],"o":[[0,0],[0,0],[0,0],[0,0],[0,0]],"v":[[-14.241,3.304],[-30.454,20.957],[19.514,-1.564],[11.823,5.95],[3.437,-9.631]],"c":true}]},{"i":{"x":0.667,"y":1},"o":{"x":0.167,"y":0.167},"t":3,"s":[{"i":[[0,0],[0,0],[0,0],[0,0],[0,0]],"o":[[0,0],[0,0],[0,0],[0,0],[0,0]],"v":[[-21.862,17.885],[-9.38,40.839],[-6.915,-14.251],[-10.368,5.64],[-25.224,-7.275]],"c":true}]},{"i":{"x":0.833,"y":0.833},"o":{"x":0.333,"y":0},"t":12,"s":[{"i":[[0,0],[0,0],[0,0],[0,0],[0,0]],"o":[[0,0],[0,0],[0,0],[0,0],[0,0]],"v":[[-24.159,12.674],[113.019,32.241],[21.986,-29.805],[17.357,-9.915],[-16.004,-3.872]],"c":true}]},{"i":{"x":0.833,"y":0.833},"o":{"x":0.167,"y":0.167},"t":30,"s":[{"i":[[0,0],[0,0],[0,0],[0,0],[0,0]],"o":[[0,0],[0,0],[0,0],[0,0],[0,0]],"v":[[55.35,-4.914],[129.556,-5.673],[-3.271,-18.353],[-13.529,7.902],[42.148,1]],"c":true}]},{"i":{"x":0.833,"y":0.833},"o":{"x":0.167,"y":0.167},"t":48,"s":[{"i":[[0,0],[0,0],[0,0],[0,0],[0,0]],"o":[[0,0],[0,0],[0,0],[0,0],[0,0]],"v":[[34.167,-10.201],[20.033,-35.22],[10.099,-7.209],[13.95,35.083],[26.183,-5.636]],"c":true}]},{"i":{"x":0.32,"y":1},"o":{"x":0.167,"y":0.167},"t":61,"s":[{"i":[[0,0],[0,0],[0,0],[0,0],[0,0]],"o":[[0,0],[0,0],[0,0],[0,0],[0,0]],"v":[[75.86,-3.345],[-40.935,-18.354],[42.881,12.14],[74.348,24.549],[70.369,1.013]],"c":true}]},{"i":{"x":0.667,"y":1},"o":{"x":0.167,"y":0.167},"t":70,"s":[{"i":[[0,0],[0,0],[0,0],[0,0],[0,0]],"o":[[0,0],[0,0],[0,0],[0,0],[0,0]],"v":[[12.51,-7.277],[-110.008,-19.184],[-19.192,3.494],[20.236,23.254],[16.22,-0.587]],"c":true}]},{"i":{"x":0.833,"y":0.833},"o":{"x":0.333,"y":0},"t":84,"s":[{"i":[[0,0],[0,0],[0,0],[0,0],[0,0]],"o":[[0,0],[0,0],[0,0],[0,0],[0,0]],"v":[[-3.126,-17.964],[-61.192,-8.042],[72.921,0.195],[59.046,-10.343],[60.098,-29.814]],"c":true}]},{"i":{"x":0.833,"y":0.833},"o":{"x":0.167,"y":0.167},"t":93,"s":[{"i":[[0,0],[0,0],[0,0],[0,0],[0,0]],"o":[[0,0],[0,0],[0,0],[0,0],[0,0]],"v":[[-14.241,3.304],[-30.454,20.957],[19.514,-1.564],[11.823,5.95],[3.437,-9.631]],"c":true}]},{"i":{"x":0.667,"y":1},"o":{"x":0.167,"y":0.167},"t":103,"s":[{"i":[[0,0],[0,0],[0,0],[0,0],[0,0]],"o":[[0,0],[0,0],[0,0],[0,0],[0,0]],"v":[[-21.861,17.885],[-9.38,40.839],[-6.915,-14.251],[-10.368,5.64],[-25.224,-7.275]],"c":true}]},{"i":{"x":0.833,"y":0.833},"o":{"x":0.333,"y":0},"t":112,"s":[{"i":[[0,0],[0,0],[0,0],[0,0],[0,0]],"o":[[0,0],[0,0],[0,0],[0,0],[0,0]],"v":[[-24.159,12.674],[113.019,32.241],[21.986,-29.805],[17.357,-9.915],[-16.004,-3.872]],"c":true}]},{"i":{"x":0.833,"y":0.833},"o":{"x":0.167,"y":0.167},"t":130,"s":[{"i":[[0,0],[0,0],[0,0],[0,0],[0,0]],"o":[[0,0],[0,0],[0,0],[0,0],[0,0]],"v":[[55.35,-4.914],[129.556,-5.673],[-3.271,-18.353],[-13.529,7.902],[42.148,1]],"c":true}]},{"i":{"x":0.833,"y":0.833},"o":{"x":0.167,"y":0.167},"t":148,"s":[{"i":[[0,0],[0,0],[0,0],[0,0],[0,0]],"o":[[0,0],[0,0],[0,0],[0,0],[0,0]],"v":[[34.167,-10.201],[20.033,-35.22],[10.099,-7.209],[13.95,35.083],[26.183,-5.636]],"c":true}]},{"i":{"x":0.32,"y":1},"o":{"x":0.167,"y":0.167},"t":161,"s":[{"i":[[0,0],[0,0],[0,0],[0,0],[0,0]],"o":[[0,0],[0,0],[0,0],[0,0],[0,0]],"v":[[75.86,-3.345],[-40.935,-18.354],[42.881,12.14],[74.348,24.549],[70.369,1.013]],"c":true}]},{"i":{"x":0.667,"y":1},"o":{"x":0.167,"y":0.167},"t":170,"s":[{"i":[[0,0],[0,0],[0,0],[0,0],[0,0]],"o":[[0,0],[0,0],[0,0],[0,0],[0,0]],"v":[[12.51,-7.277],[-110.008,-19.184],[-19.192,3.494],[20.236,23.254],[16.22,-0.587]],"c":true}]},{"i":{"x":0.833,"y":0.833},"o":{"x":0.333,"y":0},"t":184,"s":[{"i":[[0,0],[0,0],[0,0],[0,0],[0,0]],"o":[[0,0],[0,0],[0,0],[0,0],[0,0]],"v":[[-3.126,-17.964],[-61.192,-8.042],[72.921,0.195],[59.046,-10.343],[60.098,-29.814]],"c":true}]},{"i":{"x":0.833,"y":0.833},"o":{"x":0.167,"y":0.167},"t":193,"s":[{"i":[[0,0],[0,0],[0,0],[0,0],[0,0]],"o":[[0,0],[0,0],[0,0],[0,0],[0,0]],"v":[[-14.241,3.304],[-30.454,20.957],[19.514,-1.564],[11.823,5.95],[3.437,-9.631]],"c":true}]},{"t":203,"s":[{"i":[[0,0],[0,0],[0,0],[0,0],[0,0]],"o":[[0,0],[0,0],[0,0],[0,0],[0,0]],"v":[[-21.862,17.885],[-9.38,40.839],[-6.915,-14.251],[-10.368,5.64],[-25.224,-7.275]],"c":true}]}],"ix":2},"nm":"Path 3","mn":"ADBE Vector Shape - Group","hd":false},{"ty":"fl","c":{"a":0,"k":[0.8608,0.8339,0.6592,1],"ix":4},"o":{"a":0,"k":100,"ix":5},"r":1,"bm":0,"nm":"Fill 2","mn":"ADBE Vector Graphic - Fill","hd":false},{"ty":"tr","p":{"a":0,"k":[795.902,768.678],"ix":2},"a":{"a":0,"k":[0,0],"ix":1},"s":{"a":0,"k":[100,100],"ix":3},"r":{"a":0,"k":0,"ix":6},"o":{"a":0,"k":100,"ix":7},"sk":{"a":0,"k":0,"ix":4},"sa":{"a":0,"k":0,"ix":5},"nm":"Transform"}],"nm":"Group 9","np":5,"cix":2,"bm":0,"ix":1,"mn":"ADBE Vector Group","hd":false},{"ty":"gr","it":[{"ind":0,"ty":"sh","ix":1,"ks":{"a":1,"k":[{"i":{"x":0.833,"y":0.833},"o":{"x":0.167,"y":0.167},"t":-7,"s":[{"i":[[0,0],[0,0],[0,0]],"o":[[0,0],[0,0],[0,0]],"v":[[18.514,-6.941],[-33.276,21.927],[93.386,-0.562]],"c":true}]},{"i":{"x":0.667,"y":1},"o":{"x":0.167,"y":0.167},"t":3,"s":[{"i":[[0,0],[0,0],[0,0]],"o":[[0,0],[0,0],[0,0]],"v":[[-6.915,-14.251],[-9.38,40.839],[47.51,-30.24]],"c":true}]},{"i":{"x":0.833,"y":0.833},"o":{"x":0.333,"y":0},"t":12,"s":[{"i":[[0,0],[0,0],[0,0]],"o":[[0,0],[0,0],[0,0]],"v":[[21.986,-29.805],[113.019,32.241],[42.547,-64.73]],"c":true}]},{"i":{"x":0.833,"y":0.833},"o":{"x":0.167,"y":0.167},"t":30,"s":[{"i":[[0,0],[0,0],[0,0]],"o":[[0,0],[0,0],[0,0]],"v":[[-0.528,-14.328],[129.556,-5.673],[-49.243,-49.537]],"c":true}]},{"i":{"x":0.833,"y":0.833},"o":{"x":0.167,"y":0.167},"t":48,"s":[{"i":[[0,0],[0,0],[0,0]],"o":[[0,0],[0,0],[0,0]],"v":[[12.419,-8.39],[20.033,-35.22],[-88.885,-12.543]],"c":true}]},{"i":{"x":0.32,"y":1},"o":{"x":0.167,"y":0.167},"t":61,"s":[{"i":[[0,0],[0,0],[0,0]],"o":[[0,0],[0,0],[0,0]],"v":[[55.573,8.709],[-40.935,-18.354],[28.444,45.375]],"c":true}]},{"i":{"x":0.667,"y":1},"o":{"x":0.167,"y":0.167},"t":70,"s":[{"i":[[0,0],[0,0],[0,0]],"o":[[0,0],[0,0],[0,0]],"v":[[6.11,3.203],[-110.008,-19.184],[7.061,50.133]],"c":true}]},{"i":{"x":0.833,"y":0.833},"o":{"x":0.333,"y":0},"t":84,"s":[{"i":[[0,0],[0,0],[0,0]],"o":[[0,0],[0,0],[0,0]],"v":[[70.462,-13.025],[-68.13,-5.656],[131.7,43.826]],"c":true}]},{"i":{"x":0.833,"y":0.833},"o":{"x":0.167,"y":0.167},"t":93,"s":[{"i":[[0,0],[0,0],[0,0]],"o":[[0,0],[0,0],[0,0]],"v":[[18.514,-6.941],[-33.276,21.927],[93.387,-0.562]],"c":true}]},{"i":{"x":0.667,"y":1},"o":{"x":0.167,"y":0.167},"t":103,"s":[{"i":[[0,0],[0,0],[0,0]],"o":[[0,0],[0,0],[0,0]],"v":[[-6.915,-14.251],[-9.38,40.839],[47.51,-30.24]],"c":true}]},{"i":{"x":0.833,"y":0.833},"o":{"x":0.333,"y":0},"t":112,"s":[{"i":[[0,0],[0,0],[0,0]],"o":[[0,0],[0,0],[0,0]],"v":[[21.986,-29.805],[113.019,32.241],[42.547,-64.73]],"c":true}]},{"i":{"x":0.833,"y":0.833},"o":{"x":0.167,"y":0.167},"t":130,"s":[{"i":[[0,0],[0,0],[0,0]],"o":[[0,0],[0,0],[0,0]],"v":[[-0.528,-14.328],[129.556,-5.673],[-49.243,-49.537]],"c":true}]},{"i":{"x":0.833,"y":0.833},"o":{"x":0.167,"y":0.167},"t":148,"s":[{"i":[[0,0],[0,0],[0,0]],"o":[[0,0],[0,0],[0,0]],"v":[[12.419,-8.39],[20.033,-35.22],[-88.885,-12.543]],"c":true}]},{"i":{"x":0.32,"y":1},"o":{"x":0.167,"y":0.167},"t":161,"s":[{"i":[[0,0],[0,0],[0,0]],"o":[[0,0],[0,0],[0,0]],"v":[[55.573,8.709],[-40.935,-18.354],[28.444,45.375]],"c":true}]},{"i":{"x":0.667,"y":1},"o":{"x":0.167,"y":0.167},"t":170,"s":[{"i":[[0,0],[0,0],[0,0]],"o":[[0,0],[0,0],[0,0]],"v":[[6.11,3.203],[-110.008,-19.184],[7.061,50.133]],"c":true}]},{"i":{"x":0.833,"y":0.833},"o":{"x":0.333,"y":0},"t":184,"s":[{"i":[[0,0],[0,0],[0,0]],"o":[[0,0],[0,0],[0,0]],"v":[[70.462,-13.025],[-68.13,-5.656],[131.7,43.826]],"c":true}]},{"i":{"x":0.833,"y":0.833},"o":{"x":0.167,"y":0.167},"t":193,"s":[{"i":[[0,0],[0,0],[0,0]],"o":[[0,0],[0,0],[0,0]],"v":[[18.514,-6.941],[-33.276,21.927],[93.386,-0.562]],"c":true}]},{"t":203,"s":[{"i":[[0,0],[0,0],[0,0]],"o":[[0,0],[0,0],[0,0]],"v":[[-6.915,-14.251],[-9.38,40.839],[47.51,-30.24]],"c":true}]}],"ix":2},"nm":"Path 2","mn":"ADBE Vector Shape - Group","hd":false},{"ind":1,"ty":"sh","ix":2,"ks":{"a":1,"k":[{"i":{"x":0.833,"y":0.833},"o":{"x":0.167,"y":0.167},"t":-7,"s":[{"i":[[0,0],[0,0],[0,0]],"o":[[0,0],[0,0],[0,0]],"v":[[-33.276,21.927],[5.299,-10.555],[-29.451,-26.172]],"c":true}]},{"i":{"x":0.667,"y":1},"o":{"x":0.167,"y":0.167},"t":3,"s":[{"i":[[0,0],[0,0],[0,0]],"o":[[0,0],[0,0],[0,0]],"v":[[-9.38,40.839],[-24.162,-11.06],[-91.62,-22.853]],"c":true}]},{"i":{"x":0.833,"y":0.833},"o":{"x":0.333,"y":0},"t":12,"s":[{"i":[[0,0],[0,0],[0,0]],"o":[[0,0],[0,0],[0,0]],"v":[[113.019,32.241],[-1.135,-26.615],[-113.019,-32.241]],"c":true}]},{"i":{"x":0.833,"y":0.833},"o":{"x":0.167,"y":0.167},"t":30,"s":[{"i":[[0,0],[0,0],[0,0]],"o":[[0,0],[0,0],[0,0]],"v":[[129.556,-5.673],[7.207,-4.426],[12.17,72.534]],"c":true}]},{"i":{"x":0.833,"y":0.833},"o":{"x":0.167,"y":0.167},"t":48,"s":[{"i":[[0,0],[0,0],[0,0]],"o":[[0,0],[0,0],[0,0]],"v":[[20.033,-35.22],[24.82,-6.359],[108.512,9]],"c":true}]},{"i":{"x":0.32,"y":1},"o":{"x":0.167,"y":0.167},"t":61,"s":[{"i":[[0,0],[0,0],[0,0]],"o":[[0,0],[0,0],[0,0]],"v":[[-40.935,-18.354],[69.258,0.624],[114.118,-27.203]],"c":true}]},{"i":{"x":0.667,"y":1},"o":{"x":0.167,"y":0.167},"t":70,"s":[{"i":[[0,0],[0,0],[0,0]],"o":[[0,0],[0,0],[0,0]],"v":[[-110.008,-19.184],[15.525,-1.402],[54.092,-19.43]],"c":true}]},{"i":{"x":0.833,"y":0.833},"o":{"x":0.333,"y":0},"t":84,"s":[{"i":[[0,0],[0,0],[0,0]],"o":[[0,0],[0,0],[0,0]],"v":[[-68.13,-5.656],[63.129,-26.565],[63.443,-50.053]],"c":true}]},{"i":{"x":0.833,"y":0.833},"o":{"x":0.167,"y":0.167},"t":93,"s":[{"i":[[0,0],[0,0],[0,0]],"o":[[0,0],[0,0],[0,0]],"v":[[-33.276,21.927],[5.299,-10.555],[-29.451,-26.172]],"c":true}]},{"i":{"x":0.667,"y":1},"o":{"x":0.167,"y":0.167},"t":103,"s":[{"i":[[0,0],[0,0],[0,0]],"o":[[0,0],[0,0],[0,0]],"v":[[-9.38,40.839],[-24.162,-11.06],[-91.62,-22.853]],"c":true}]},{"i":{"x":0.833,"y":0.833},"o":{"x":0.333,"y":0},"t":112,"s":[{"i":[[0,0],[0,0],[0,0]],"o":[[0,0],[0,0],[0,0]],"v":[[113.019,32.241],[-1.135,-26.615],[-113.019,-32.241]],"c":true}]},{"i":{"x":0.833,"y":0.833},"o":{"x":0.167,"y":0.167},"t":130,"s":[{"i":[[0,0],[0,0],[0,0]],"o":[[0,0],[0,0],[0,0]],"v":[[129.556,-5.673],[7.207,-4.426],[12.17,72.534]],"c":true}]},{"i":{"x":0.833,"y":0.833},"o":{"x":0.167,"y":0.167},"t":148,"s":[{"i":[[0,0],[0,0],[0,0]],"o":[[0,0],[0,0],[0,0]],"v":[[20.033,-35.22],[24.82,-6.359],[108.512,9]],"c":true}]},{"i":{"x":0.32,"y":1},"o":{"x":0.167,"y":0.167},"t":161,"s":[{"i":[[0,0],[0,0],[0,0]],"o":[[0,0],[0,0],[0,0]],"v":[[-40.935,-18.354],[69.258,0.624],[114.118,-27.203]],"c":true}]},{"i":{"x":0.667,"y":1},"o":{"x":0.167,"y":0.167},"t":170,"s":[{"i":[[0,0],[0,0],[0,0]],"o":[[0,0],[0,0],[0,0]],"v":[[-110.008,-19.184],[15.525,-1.402],[54.092,-19.43]],"c":true}]},{"i":{"x":0.833,"y":0.833},"o":{"x":0.333,"y":0},"t":184,"s":[{"i":[[0,0],[0,0],[0,0]],"o":[[0,0],[0,0],[0,0]],"v":[[-68.13,-5.656],[63.129,-26.565],[63.443,-50.053]],"c":true}]},{"i":{"x":0.833,"y":0.833},"o":{"x":0.167,"y":0.167},"t":193,"s":[{"i":[[0,0],[0,0],[0,0]],"o":[[0,0],[0,0],[0,0]],"v":[[-33.276,21.927],[5.299,-10.555],[-29.451,-26.172]],"c":true}]},{"t":203,"s":[{"i":[[0,0],[0,0],[0,0]],"o":[[0,0],[0,0],[0,0]],"v":[[-9.38,40.839],[-24.162,-11.06],[-91.62,-22.853]],"c":true}]}],"ix":2},"nm":"Path 1","mn":"ADBE Vector Shape - Group","hd":false},{"ind":2,"ty":"sh","ix":3,"ks":{"a":1,"k":[{"i":{"x":0.833,"y":0.833},"o":{"x":0.167,"y":0.167},"t":-7,"s":[{"i":[[0,0],[0,0],[0,0],[0,0],[0,0]],"o":[[0,0],[0,0],[0,0],[0,0],[0,0]],"v":[[-14.241,3.304],[-30.454,20.957],[19.514,-1.564],[11.823,5.95],[3.437,-9.631]],"c":true}]},{"i":{"x":0.667,"y":1},"o":{"x":0.167,"y":0.167},"t":3,"s":[{"i":[[0,0],[0,0],[0,0],[0,0],[0,0]],"o":[[0,0],[0,0],[0,0],[0,0],[0,0]],"v":[[-21.862,17.885],[-9.38,40.839],[-6.915,-14.251],[-10.368,5.64],[-25.224,-7.275]],"c":true}]},{"i":{"x":0.833,"y":0.833},"o":{"x":0.333,"y":0},"t":12,"s":[{"i":[[0,0],[0,0],[0,0],[0,0],[0,0]],"o":[[0,0],[0,0],[0,0],[0,0],[0,0]],"v":[[-24.159,12.674],[113.019,32.241],[21.986,-29.805],[17.357,-9.915],[-16.004,-3.872]],"c":true}]},{"i":{"x":0.833,"y":0.833},"o":{"x":0.167,"y":0.167},"t":30,"s":[{"i":[[0,0],[0,0],[0,0],[0,0],[0,0]],"o":[[0,0],[0,0],[0,0],[0,0],[0,0]],"v":[[55.35,-4.914],[129.556,-5.673],[-3.271,-18.353],[-13.529,7.902],[42.148,1]],"c":true}]},{"i":{"x":0.833,"y":0.833},"o":{"x":0.167,"y":0.167},"t":48,"s":[{"i":[[0,0],[0,0],[0,0],[0,0],[0,0]],"o":[[0,0],[0,0],[0,0],[0,0],[0,0]],"v":[[34.167,-10.201],[20.033,-35.22],[10.099,-7.209],[13.95,35.083],[26.183,-5.636]],"c":true}]},{"i":{"x":0.32,"y":1},"o":{"x":0.167,"y":0.167},"t":61,"s":[{"i":[[0,0],[0,0],[0,0],[0,0],[0,0]],"o":[[0,0],[0,0],[0,0],[0,0],[0,0]],"v":[[75.86,-3.345],[-40.935,-18.354],[42.881,12.14],[74.348,24.549],[70.369,1.013]],"c":true}]},{"i":{"x":0.667,"y":1},"o":{"x":0.167,"y":0.167},"t":70,"s":[{"i":[[0,0],[0,0],[0,0],[0,0],[0,0]],"o":[[0,0],[0,0],[0,0],[0,0],[0,0]],"v":[[12.51,-7.277],[-110.008,-19.184],[-19.192,3.494],[20.236,23.254],[16.22,-0.587]],"c":true}]},{"i":{"x":0.833,"y":0.833},"o":{"x":0.333,"y":0},"t":84,"s":[{"i":[[0,0],[0,0],[0,0],[0,0],[0,0]],"o":[[0,0],[0,0],[0,0],[0,0],[0,0]],"v":[[-3.126,-17.964],[-61.192,-8.042],[72.921,0.195],[59.046,-10.343],[60.098,-29.814]],"c":true}]},{"i":{"x":0.833,"y":0.833},"o":{"x":0.167,"y":0.167},"t":93,"s":[{"i":[[0,0],[0,0],[0,0],[0,0],[0,0]],"o":[[0,0],[0,0],[0,0],[0,0],[0,0]],"v":[[-14.241,3.304],[-30.454,20.957],[19.514,-1.564],[11.823,5.95],[3.437,-9.631]],"c":true}]},{"i":{"x":0.667,"y":1},"o":{"x":0.167,"y":0.167},"t":103,"s":[{"i":[[0,0],[0,0],[0,0],[0,0],[0,0]],"o":[[0,0],[0,0],[0,0],[0,0],[0,0]],"v":[[-21.861,17.885],[-9.38,40.839],[-6.915,-14.251],[-10.368,5.64],[-25.224,-7.275]],"c":true}]},{"i":{"x":0.833,"y":0.833},"o":{"x":0.333,"y":0},"t":112,"s":[{"i":[[0,0],[0,0],[0,0],[0,0],[0,0]],"o":[[0,0],[0,0],[0,0],[0,0],[0,0]],"v":[[-24.159,12.674],[113.019,32.241],[21.986,-29.805],[17.357,-9.915],[-16.004,-3.872]],"c":true}]},{"i":{"x":0.833,"y":0.833},"o":{"x":0.167,"y":0.167},"t":130,"s":[{"i":[[0,0],[0,0],[0,0],[0,0],[0,0]],"o":[[0,0],[0,0],[0,0],[0,0],[0,0]],"v":[[55.35,-4.914],[129.556,-5.673],[-3.271,-18.353],[-13.529,7.902],[42.148,1]],"c":true}]},{"i":{"x":0.833,"y":0.833},"o":{"x":0.167,"y":0.167},"t":148,"s":[{"i":[[0,0],[0,0],[0,0],[0,0],[0,0]],"o":[[0,0],[0,0],[0,0],[0,0],[0,0]],"v":[[34.167,-10.201],[20.033,-35.22],[10.099,-7.209],[13.95,35.083],[26.183,-5.636]],"c":true}]},{"i":{"x":0.32,"y":1},"o":{"x":0.167,"y":0.167},"t":161,"s":[{"i":[[0,0],[0,0],[0,0],[0,0],[0,0]],"o":[[0,0],[0,0],[0,0],[0,0],[0,0]],"v":[[75.86,-3.345],[-40.935,-18.354],[42.881,12.14],[74.348,24.549],[70.369,1.013]],"c":true}]},{"i":{"x":0.667,"y":1},"o":{"x":0.167,"y":0.167},"t":170,"s":[{"i":[[0,0],[0,0],[0,0],[0,0],[0,0]],"o":[[0,0],[0,0],[0,0],[0,0],[0,0]],"v":[[12.51,-7.277],[-110.008,-19.184],[-19.192,3.494],[20.236,23.254],[16.22,-0.587]],"c":true}]},{"i":{"x":0.833,"y":0.833},"o":{"x":0.333,"y":0},"t":184,"s":[{"i":[[0,0],[0,0],[0,0],[0,0],[0,0]],"o":[[0,0],[0,0],[0,0],[0,0],[0,0]],"v":[[-3.126,-17.964],[-61.192,-8.042],[72.921,0.195],[59.046,-10.343],[60.098,-29.814]],"c":true}]},{"i":{"x":0.833,"y":0.833},"o":{"x":0.167,"y":0.167},"t":193,"s":[{"i":[[0,0],[0,0],[0,0],[0,0],[0,0]],"o":[[0,0],[0,0],[0,0],[0,0],[0,0]],"v":[[-14.241,3.304],[-30.454,20.957],[19.514,-1.564],[11.823,5.95],[3.437,-9.631]],"c":true}]},{"t":203,"s":[{"i":[[0,0],[0,0],[0,0],[0,0],[0,0]],"o":[[0,0],[0,0],[0,0],[0,0],[0,0]],"v":[[-21.862,17.885],[-9.38,40.839],[-6.915,-14.251],[-10.368,5.64],[-25.224,-7.275]],"c":true}]}],"ix":2},"nm":"Path 3","mn":"ADBE Vector Shape - Group","hd":false},{"ty":"fl","c":{"a":0,"k":[0,0,0,1],"ix":4},"o":{"a":0,"k":20,"ix":5},"r":1,"bm":0,"nm":"Fill 2","mn":"ADBE Vector Graphic - Fill","hd":false},{"ty":"tr","p":{"a":0,"k":[790.902,773.678],"ix":2},"a":{"a":0,"k":[0,0],"ix":1},"s":{"a":0,"k":[100,100],"ix":3},"r":{"a":0,"k":0,"ix":6},"o":{"a":0,"k":100,"ix":7},"sk":{"a":0,"k":0,"ix":4},"sa":{"a":0,"k":0,"ix":5},"nm":"Transform"}],"nm":"Group 8","np":4,"cix":2,"bm":0,"ix":2,"mn":"ADBE Vector Group","hd":false}],"ip":-2,"op":201,"st":0,"bm":0},{"ddd":0,"ind":4,"ty":4,"nm":"Shape Layer 9","parent":1,"sr":1,"ks":{"o":{"a":0,"k":100,"ix":11},"r":{"a":0,"k":0,"ix":10},"p":{"a":1,"k":[{"i":{"x":0.833,"y":0.833},"o":{"x":0.167,"y":0.167},"t":0,"s":[141.25,25,0],"to":[-3.73,-1.383,0],"ti":[-8.37,-1.955,0]},{"i":{"x":0.833,"y":0.833},"o":{"x":0.167,"y":0.167},"t":38,"s":[146.62,14.455,0],"to":[5.12,2.58,0],"ti":[5.195,1.594,0]},{"i":{"x":0.833,"y":0.833},"o":{"x":0.167,"y":0.167},"t":75,"s":[150.18,5.281,0],"to":[-5.195,-1.594,0],"ti":[-0.953,-5.614,0]},{"i":{"x":0.833,"y":0.833},"o":{"x":0.167,"y":0.167},"t":106,"s":[134.453,14.614,0],"to":[0.953,5.614,0],"ti":[-3.875,4.525,0]},{"i":{"x":0.833,"y":0.833},"o":{"x":0.167,"y":0.167},"t":137,"s":[149.75,10.975,0],"to":[3.875,-4.525,0],"ti":[1.75,-5.25,0]},{"i":{"x":0.833,"y":0.833},"o":{"x":0.167,"y":0.167},"t":170,"s":[140.625,8.625,0],"to":[-1.75,5.25,0],"ti":[11.125,-4.375,0]},{"t":199,"s":[141.25,25,0]}],"ix":2},"a":{"a":0,"k":[197.25,-284,0],"ix":1},"s":{"a":0,"k":[82,82,100],"ix":6}},"ao":0,"shapes":[{"ty":"gr","it":[{"ind":0,"ty":"sh","ix":1,"ks":{"a":0,"k":{"i":[[0,0],[0,0]],"o":[[0,0],[0,0]],"v":[[192.5,-319.5],[250.5,-319.5]],"c":false},"ix":2},"nm":"Path 1","mn":"ADBE Vector Shape - Group","hd":false},{"ty":"st","c":{"a":0,"k":[0.9467,0.8516,0.2333,1],"ix":3},"o":{"a":0,"k":100,"ix":4},"w":{"a":0,"k":10,"ix":5},"lc":2,"lj":2,"bm":0,"nm":"Stroke 1","mn":"ADBE Vector Graphic - Stroke","hd":false},{"ty":"tr","p":{"a":0,"k":[0,0],"ix":2},"a":{"a":0,"k":[0,0],"ix":1},"s":{"a":0,"k":[100,100],"ix":3},"r":{"a":0,"k":0,"ix":6},"o":{"a":0,"k":100,"ix":7},"sk":{"a":0,"k":0,"ix":4},"sa":{"a":0,"k":0,"ix":5},"nm":"Transform"}],"nm":"Shape 2","np":2,"cix":2,"bm":0,"ix":1,"mn":"ADBE Vector Group","hd":false},{"ty":"gr","it":[{"ind":0,"ty":"sh","ix":1,"ks":{"a":0,"k":{"i":[[0,0],[0,0]],"o":[[0,0],[0,0]],"v":[[192.5,-298],[313,-298]],"c":false},"ix":2},"nm":"Path 2","mn":"ADBE Vector Shape - Group","hd":false},{"ty":"rp","c":{"a":0,"k":3,"ix":1},"o":{"a":0,"k":0,"ix":2},"m":1,"ix":2,"tr":{"ty":"tr","p":{"a":0,"k":[0,21],"ix":2},"a":{"a":0,"k":[0,0],"ix":1},"s":{"a":0,"k":[100,100],"ix":3},"r":{"a":0,"k":0,"ix":4},"so":{"a":0,"k":100,"ix":5},"eo":{"a":0,"k":100,"ix":6},"nm":"Transform"},"nm":"Repeater 1","mn":"ADBE Vector Filter - Repeater","hd":false},{"ty":"st","c":{"a":0,"k":[0.9505,0.9397,0.8695,1],"ix":3},"o":{"a":0,"k":100,"ix":4},"w":{"a":0,"k":10,"ix":5},"lc":2,"lj":2,"bm":0,"nm":"Stroke 1","mn":"ADBE Vector Graphic - Stroke","hd":false},{"ty":"tr","p":{"a":0,"k":[0,0],"ix":2},"a":{"a":0,"k":[0,0],"ix":1},"s":{"a":0,"k":[100,100],"ix":3},"r":{"a":0,"k":0,"ix":6},"o":{"a":0,"k":100,"ix":7},"sk":{"a":0,"k":0,"ix":4},"sa":{"a":0,"k":0,"ix":5},"nm":"Transform"}],"nm":"Shape 1","np":3,"cix":2,"bm":0,"ix":2,"mn":"ADBE Vector Group","hd":false},{"ty":"gr","it":[{"ind":0,"ty":"sh","ix":1,"ks":{"a":0,"k":{"i":[[-10.631,0],[0,-10.631],[8.016,-3.698],[-1.065,-13.634],[13.375,0],[4.627,5.177],[1.051,0.57],[0,8.437]],"o":[[10.631,0],[0,8.766],[-0.831,0.384],[-4.815,6.616],[-14.376,0],[0.627,-13.698],[-7.554,-4.095],[0,-10.631]],"v":[[-74,-32],[-54.75,-12.75],[-68.625,11.021],[-43.935,27.259],[-74,40.25],[-105.002,26.948],[-80.268,10.573],[-93.25,-12.75]],"c":true},"ix":2},"nm":"Path 1","mn":"ADBE Vector Shape - Group","hd":false},{"ty":"fl","c":{"a":0,"k":[1,1,1,1],"ix":4},"o":{"a":0,"k":100,"ix":5},"r":1,"bm":0,"nm":"Fill 3","mn":"ADBE Vector Graphic - Fill","hd":false},{"d":1,"ty":"el","s":{"a":0,"k":[93.5,93.5],"ix":2},"p":{"a":0,"k":[-74,0],"ix":3},"nm":"Ellipse Path 2","mn":"ADBE Vector Shape - Ellipse","hd":false},{"ty":"fl","c":{"a":0,"k":[0.9505,0.9397,0.8695,1],"ix":4},"o":{"a":0,"k":100,"ix":5},"r":1,"bm":0,"nm":"Fill 2","mn":"ADBE Vector Graphic - Fill","hd":false},{"ty":"rc","d":1,"s":{"a":0,"k":[267.5,111],"ix":2},"p":{"a":0,"k":[0,0],"ix":3},"r":{"a":0,"k":10,"ix":4},"nm":"Rectangle Path 1","mn":"ADBE Vector Shape - Rect","hd":false},{"ty":"fl","c":{"a":0,"k":[1,1,1,1],"ix":4},"o":{"a":0,"k":100,"ix":5},"r":1,"bm":0,"nm":"Fill 1","mn":"ADBE Vector Graphic - Fill","hd":false},{"ty":"rc","d":1,"s":{"a":0,"k":[267.5,111],"ix":2},"p":{"a":0,"k":[-6,6],"ix":3},"r":{"a":0,"k":10,"ix":4},"nm":"Rectangle Path 2","mn":"ADBE Vector Shape - Rect","hd":false},{"ty":"fl","c":{"a":0,"k":[0,0,0,1],"ix":4},"o":{"a":0,"k":17,"ix":5},"r":1,"bm":0,"nm":"Fill 4","mn":"ADBE Vector Graphic - Fill","hd":false},{"ty":"tr","p":{"a":0,"k":[200.25,-287],"ix":2},"a":{"a":0,"k":[0,0],"ix":1},"s":{"a":0,"k":[100,100],"ix":3},"r":{"a":0,"k":0,"ix":6},"o":{"a":0,"k":100,"ix":7},"sk":{"a":0,"k":0,"ix":4},"sa":{"a":0,"k":0,"ix":5},"nm":"Transform"}],"nm":"Rectangle 1","np":8,"cix":2,"bm":0,"ix":3,"mn":"ADBE Vector Group","hd":false}],"ip":0,"op":200,"st":0,"bm":0},{"ddd":0,"ind":5,"ty":4,"nm":"mail 6","parent":1,"sr":1,"ks":{"o":{"a":0,"k":100,"ix":11},"r":{"a":1,"k":[{"i":{"x":[0.667],"y":[1]},"o":{"x":[0.333],"y":[0]},"t":0,"s":[0]},{"i":{"x":[0.667],"y":[1]},"o":{"x":[0.333],"y":[0]},"t":22,"s":[15.427]},{"i":{"x":[0.667],"y":[1]},"o":{"x":[0.333],"y":[0]},"t":56,"s":[-12.946]},{"i":{"x":[0.667],"y":[1]},"o":{"x":[0.333],"y":[0]},"t":90,"s":[28.456]},{"i":{"x":[0.667],"y":[1]},"o":{"x":[0.333],"y":[0]},"t":126,"s":[-12.946]},{"i":{"x":[0.667],"y":[1]},"o":{"x":[0.333],"y":[0]},"t":167,"s":[24]},{"t":199,"s":[0]}],"ix":10},"p":{"a":1,"k":[{"i":{"x":0.833,"y":0.833},"o":{"x":0.167,"y":0.167},"t":0,"s":[-192.052,-110.008,0],"to":[2.552,4.383,0],"ti":[6.537,13.177,0]},{"i":{"x":0.833,"y":0.833},"o":{"x":0.167,"y":0.167},"t":51,"s":[-171.912,-105.677,0],"to":[-6.537,-13.177,0],"ti":[6.357,-1.675,0]},{"i":{"x":0.833,"y":0.833},"o":{"x":0.167,"y":0.167},"t":85,"s":[-191.107,-93.45,0],"to":[-6.357,1.675,0],"ti":[8.571,-10.521,0]},{"i":{"x":0.833,"y":0.833},"o":{"x":0.167,"y":0.167},"t":124,"s":[-212.946,-117.604,0],"to":[-8.571,10.521,0],"ti":[9.927,9.883,0]},{"i":{"x":0.833,"y":0.833},"o":{"x":0.167,"y":0.167},"t":163,"s":[-174.552,-122.008,0],"to":[-9.927,-9.883,0],"ti":[-4.323,-4.992,0]},{"t":199,"s":[-192.052,-110.008,0]}],"ix":2},"a":{"a":0,"k":[2153.478,680.843,0],"ix":1},"s":{"a":0,"k":[67,67,100],"ix":6}},"ao":0,"shapes":[{"ty":"gr","it":[{"ind":0,"ty":"sh","ix":1,"ks":{"a":0,"k":{"i":[[0,0],[4.932,0],[0,5.066],[-8.798,0],[-1.066,-0.267]],"o":[[-1.2,7.732],[-4.398,0],[0,-10.264],[1.732,0],[0,0]],"v":[[6.604,-0.329],[-4.726,13.668],[-11.391,5.403],[4.339,-13.526],[8.47,-12.993]],"c":true},"ix":2},"nm":"@","mn":"ADBE Vector Shape - Group","hd":false},{"ind":1,"ty":"sh","ix":2,"ks":{"a":0,"k":{"i":[[0,0],[6.798,0],[0,22.262],[-20.396,0],[0,-17.33],[5.73,0.205],[-1.333,7.865],[0,0],[5.865,0],[0,-16.263],[-8.665,0],[-4.133,6.799],[0,0],[-6.266,0],[0,19.462],[23.461,0],[0,-27.194],[-22.127,0],[-7.998,3.599]],"o":[[-5.333,2.799],[-19.862,0],[0,-25.461],[20.662,0],[0,15.33],[-3.732,-0.133],[0,0],[-3.333,-1.866],[-19.196,0],[0,10.931],[7.065,0],[0,0],[0.667,7.065],[14.396,0],[0,-22.395],[-30.127,0],[0,26.128],[9.465,0],[0,0]],"v":[[17.936,34.33],[-1.393,38.596],[-35.519,3.67],[2.74,-37.787],[34.598,-6.994],[21.668,15.534],[18.336,3.937],[22.335,-20.724],[6.472,-24.057],[-24.722,7.003],[-9.791,24.332],[7.405,14.068],[7.671,14.068],[19.136,24.332],[44.463,-7.394],[4.206,-45.919],[-45.65,4.87],[-4.06,46.861],[20.335,42.062]],"c":true},"ix":2},"nm":"@ 2","mn":"ADBE Vector Shape - Group","hd":false},{"ty":"fl","c":{"a":0,"k":[0.9549,0.8576,0.2251,1],"ix":4},"o":{"a":0,"k":100,"ix":5},"r":1,"bm":0,"nm":"Fill 3","mn":"ADBE Vector Graphic - Fill","hd":false},{"d":1,"ty":"el","s":{"a":0,"k":[126.905,126.905],"ix":2},"p":{"a":0,"k":[0,0],"ix":3},"nm":"Ellipse Path 1","mn":"ADBE Vector Shape - Ellipse","hd":false},{"ty":"fl","c":{"a":0,"k":[0.9961,0.9608,0.7412,1],"ix":4},"o":{"a":0,"k":100,"ix":5},"r":1,"bm":0,"nm":"Fill 2","mn":"ADBE Vector Graphic - Fill","hd":false},{"ty":"tr","p":{"a":0,"k":[2140.425,652.021],"ix":2},"a":{"a":0,"k":[0,0],"ix":1},"s":{"a":0,"k":[100,100],"ix":3},"r":{"a":0,"k":0,"ix":6},"o":{"a":0,"k":100,"ix":7},"sk":{"a":0,"k":0,"ix":4},"sa":{"a":0,"k":0,"ix":5},"nm":"Transform"}],"nm":"Group 5","np":5,"cix":2,"bm":0,"ix":1,"mn":"ADBE Vector Group","hd":false},{"ty":"gr","it":[{"d":1,"ty":"el","s":{"a":0,"k":[126.905,126.905],"ix":2},"p":{"a":0,"k":[-4,11],"ix":3},"nm":"Ellipse Path 1","mn":"ADBE Vector Shape - Ellipse","hd":false},{"ty":"fl","c":{"a":0,"k":[0,0,0,1],"ix":4},"o":{"a":0,"k":18,"ix":5},"r":1,"bm":0,"nm":"Fill 2","mn":"ADBE Vector Graphic - Fill","hd":false},{"ty":"tr","p":{"a":0,"k":[2140.425,652.021],"ix":2},"a":{"a":0,"k":[0,0],"ix":1},"s":{"a":0,"k":[100,100],"ix":3},"r":{"a":0,"k":0,"ix":6},"o":{"a":0,"k":100,"ix":7},"sk":{"a":0,"k":0,"ix":4},"sa":{"a":0,"k":0,"ix":5},"nm":"Transform"}],"nm":"Group 4","np":2,"cix":2,"bm":0,"ix":2,"mn":"ADBE Vector Group","hd":false}],"ip":0,"op":200,"st":0,"bm":0},{"ddd":0,"ind":6,"ty":4,"nm":"mail 3","parent":1,"sr":1,"ks":{"o":{"a":0,"k":99,"ix":11},"r":{"a":0,"k":0,"ix":10},"p":{"a":0,"k":[183.055,-315.211,0],"ix":2},"a":{"a":0,"k":[2153.478,680.843,0],"ix":1},"s":{"a":0,"k":[56,56,100],"ix":6}},"ao":0,"shapes":[{"ty":"gr","it":[{"ind":0,"ty":"sh","ix":1,"ks":{"a":1,"k":[{"i":{"x":0.833,"y":0.833},"o":{"x":1,"y":0},"t":5,"s":[{"i":[[1.212,0.293],[-0.053,1.063],[-0.465,1.092],[-2.964,0.923],[0,0],[-2.408,-1.462],[-0.75,-0.938],[9.093,-10.048]],"o":[[-13.028,-3.146],[0.06,-1.209],[1.127,-2.65],[0,0],[2.9,-0.902],[1.008,0.612],[0.699,0.874],[-0.845,0.934]],"v":[[11.967,33.017],[-77.516,10.287],[-76.716,6.809],[-70.385,1.081],[66.005,-41.368],[74.313,-40.349],[76.976,-38.011],[15.15,32.025]],"c":true}]},{"i":{"x":0.833,"y":0.833},"o":{"x":0.167,"y":0.167},"t":10,"s":[{"i":[[1.113,-0.027],[12.953,-2.709],[-0.38,0.852],[-2.964,0.923],[0,0],[-2.227,-0.88],[0.429,-0.708],[10.164,-6.61]],"o":[[-11.959,0.286],[-0.893,-0.313],[0.756,-1.716],[0,0],[2.9,-0.903],[0.932,0.368],[-12.428,5.23],[-0.945,0.614]],"v":[[4.34,8.53],[-73.957,7.989],[-75.054,6.191],[-70.014,2.274],[66.374,-40.184],[72.789,-39.988],[73.406,-38.058],[7.523,7.538]],"c":true}]},{"i":{"x":0.833,"y":0.833},"o":{"x":0.167,"y":0.167},"t":11,"s":[{"i":[[1.022,-0.318],[22.981,-7.154],[-0.472,0.148],[-2.964,0.923],[0,0],[-1.781,0.553],[1.404,-0.438],[11.142,-3.471]],"o":[[-10.983,3.42],[-1.629,0.507],[0.69,-0.217],[0,0],[2.899,-0.903],[0.745,-0.231],[-23.438,7.303],[-1.036,0.323]],"v":[[-4.379,-19.464],[-72.465,1.734],[-74.732,2.437],[-70.385,1.081],[65.996,-41.397],[70.589,-42.826],[69.196,-42.389],[-1.196,-20.456]],"c":true}]},{"i":{"x":0.833,"y":0.833},"o":{"x":0.167,"y":0.167},"t":12,"s":[{"i":[[0,0],[0.003,-0.005],[-0.001,-0.001],[-0.001,0],[0,0],[0.001,0.003],[0,0],[0.002,0]],"o":[[-0.002,0.002],[0,0],[0.001,0.002],[0,0],[0.001,0],[0,-0.001],[-0.005,-0.003],[0,0]],"v":[[-73.926,5.759],[-73.934,5.774],[-73.933,5.778],[-73.932,5.781],[-73.908,5.773],[-73.908,5.77],[-73.909,5.767],[-73.925,5.759]],"c":true}]},{"i":{"x":0.833,"y":0.833},"o":{"x":0.167,"y":0.167},"t":87,"s":[{"i":[[0,0],[0.003,-0.005],[-0.001,-0.001],[0,0],[0,0],[0.001,0.003],[0,0],[0.002,0]],"o":[[-0.001,0.002],[0,0],[0.001,0.002],[0,0],[0,0],[0,-0.001],[-0.005,-0.003],[0,0]],"v":[[-73.926,5.759],[-73.934,5.774],[-73.933,5.778],[-73.932,5.781],[-73.908,5.773],[-73.908,5.77],[-73.909,5.767],[-73.925,5.759]],"c":true}]},{"i":{"x":0.833,"y":0.833},"o":{"x":0.167,"y":0.167},"t":88,"s":[{"i":[[1.022,-0.318],[22.981,-7.154],[-0.472,0.148],[-2.964,0.923],[0,0],[-1.781,0.552],[1.404,-0.438],[11.142,-3.471]],"o":[[-10.983,3.42],[-1.629,0.507],[0.69,-0.217],[0,0],[2.899,-0.903],[0.745,-0.231],[-23.438,7.303],[-1.036,0.323]],"v":[[-4.379,-19.464],[-72.465,1.734],[-74.732,2.437],[-70.385,1.081],[65.996,-41.397],[70.589,-42.826],[69.197,-42.389],[-1.196,-20.456]],"c":true}]},{"i":{"x":0,"y":1},"o":{"x":0.167,"y":0.167},"t":89,"s":[{"i":[[1.113,-0.027],[12.953,-2.709],[-0.38,0.852],[-2.964,0.923],[0,0],[-2.227,-0.88],[0.429,-0.708],[10.164,-6.61]],"o":[[-11.959,0.286],[-0.893,-0.313],[0.756,-1.716],[0,0],[2.9,-0.903],[0.932,0.368],[-12.428,5.23],[-0.945,0.614]],"v":[[4.34,8.53],[-73.957,7.989],[-75.054,6.191],[-70.014,2.274],[66.374,-40.184],[72.789,-39.988],[73.406,-38.058],[7.523,7.538]],"c":true}]},{"i":{"x":0.833,"y":1},"o":{"x":0.167,"y":0},"t":94,"s":[{"i":[[1.212,0.293],[-0.052,1.063],[-0.465,1.092],[-2.964,0.923],[0,0],[-2.408,-1.462],[-0.75,-0.938],[9.093,-10.048]],"o":[[-13.028,-3.146],[0.06,-1.209],[1.127,-2.65],[0,0],[2.9,-0.902],[1.008,0.612],[0.699,0.874],[-0.845,0.934]],"v":[[11.967,33.017],[-77.516,10.287],[-76.716,6.809],[-70.385,1.081],[66.005,-41.368],[74.313,-40.349],[76.976,-38.011],[15.15,32.025]],"c":true}]},{"i":{"x":0.833,"y":0.833},"o":{"x":1,"y":0},"t":106,"s":[{"i":[[1.212,0.293],[-0.052,1.063],[-0.465,1.092],[-2.964,0.923],[0,0],[-2.408,-1.462],[-0.75,-0.938],[9.093,-10.048]],"o":[[-13.028,-3.146],[0.06,-1.209],[1.127,-2.65],[0,0],[2.9,-0.902],[1.008,0.612],[0.699,0.874],[-0.845,0.934]],"v":[[11.967,33.017],[-77.516,10.287],[-76.716,6.809],[-70.385,1.081],[66.005,-41.368],[74.313,-40.349],[76.976,-38.011],[15.15,32.025]],"c":true}]},{"i":{"x":0.833,"y":0.833},"o":{"x":0.167,"y":0.167},"t":111,"s":[{"i":[[1.113,-0.027],[12.953,-2.709],[-0.38,0.852],[-2.964,0.923],[0,0],[-2.227,-0.88],[0.429,-0.708],[10.164,-6.61]],"o":[[-11.959,0.286],[-0.893,-0.313],[0.756,-1.716],[0,0],[2.9,-0.903],[0.932,0.368],[-12.428,5.23],[-0.945,0.614]],"v":[[4.34,8.53],[-73.957,7.989],[-75.054,6.191],[-70.014,2.274],[66.374,-40.184],[72.789,-39.988],[73.406,-38.058],[7.523,7.538]],"c":true}]},{"i":{"x":0.833,"y":0.833},"o":{"x":0.167,"y":0.167},"t":112,"s":[{"i":[[1.022,-0.318],[22.981,-7.154],[-0.472,0.148],[-2.964,0.923],[0,0],[-1.781,0.552],[1.404,-0.438],[11.142,-3.471]],"o":[[-10.983,3.42],[-1.629,0.507],[0.69,-0.217],[0,0],[2.899,-0.903],[0.745,-0.231],[-23.438,7.303],[-1.036,0.323]],"v":[[-4.379,-19.464],[-72.465,1.734],[-74.732,2.437],[-70.385,1.081],[65.996,-41.397],[70.589,-42.826],[69.197,-42.389],[-1.196,-20.456]],"c":true}]},{"i":{"x":0.833,"y":0.833},"o":{"x":0.167,"y":0.167},"t":113,"s":[{"i":[[0,0],[0.003,-0.005],[-0.001,-0.001],[0,0],[0,0],[0.001,0.003],[0,0],[0.002,0]],"o":[[-0.001,0.002],[0,0],[0.001,0.002],[0,0],[0,0],[0,-0.001],[-0.005,-0.003],[0,0]],"v":[[-73.926,5.759],[-73.934,5.774],[-73.933,5.778],[-73.932,5.781],[-73.908,5.773],[-73.908,5.77],[-73.909,5.767],[-73.925,5.759]],"c":true}]},{"i":{"x":0.833,"y":0.833},"o":{"x":0.167,"y":0.167},"t":188,"s":[{"i":[[0,0],[0.003,-0.005],[-0.001,-0.001],[0,0],[0,0],[0.001,0.003],[0,0],[0.002,0]],"o":[[-0.001,0.002],[0,0],[0.001,0.002],[0,0],[0,0],[0,-0.001],[-0.005,-0.003],[0,0]],"v":[[-73.926,5.759],[-73.934,5.774],[-73.933,5.778],[-73.932,5.781],[-73.908,5.773],[-73.908,5.77],[-73.909,5.767],[-73.925,5.759]],"c":true}]},{"i":{"x":0.833,"y":0.833},"o":{"x":0.167,"y":0.167},"t":189,"s":[{"i":[[1.022,-0.318],[22.981,-7.154],[-0.472,0.148],[-2.964,0.923],[0,0],[-1.781,0.552],[1.404,-0.438],[11.142,-3.471]],"o":[[-10.983,3.42],[-1.629,0.507],[0.69,-0.217],[0,0],[2.899,-0.903],[0.745,-0.231],[-23.438,7.303],[-1.036,0.323]],"v":[[-4.379,-19.464],[-72.465,1.734],[-74.732,2.437],[-70.385,1.081],[65.996,-41.397],[70.589,-42.826],[69.197,-42.389],[-1.196,-20.456]],"c":true}]},{"i":{"x":0,"y":1},"o":{"x":0.167,"y":0.167},"t":190,"s":[{"i":[[1.113,-0.027],[12.953,-2.709],[-0.38,0.852],[-2.964,0.923],[0,0],[-2.227,-0.88],[0.429,-0.708],[10.164,-6.61]],"o":[[-11.959,0.286],[-0.893,-0.313],[0.756,-1.716],[0,0],[2.9,-0.903],[0.932,0.368],[-12.428,5.23],[-0.945,0.614]],"v":[[4.34,8.53],[-73.957,7.989],[-75.054,6.191],[-70.014,2.274],[66.374,-40.184],[72.789,-39.988],[73.406,-38.058],[7.523,7.538]],"c":true}]},{"t":195,"s":[{"i":[[1.212,0.293],[-0.052,1.063],[-0.465,1.092],[-2.964,0.923],[0,0],[-2.408,-1.462],[-0.75,-0.938],[9.093,-10.048]],"o":[[-13.028,-3.146],[0.06,-1.209],[1.127,-2.65],[0,0],[2.9,-0.902],[1.008,0.612],[0.699,0.874],[-0.845,0.934]],"v":[[11.967,33.017],[-77.516,10.287],[-76.716,6.809],[-70.385,1.081],[66.005,-41.368],[74.313,-40.349],[76.976,-38.011],[15.15,32.025]],"c":true}]}],"ix":2},"nm":"Path 6","mn":"ADBE Vector Shape - Group","hd":false},{"ty":"fl","c":{"a":0,"k":[0.9648,0.8889,0.3952,1],"ix":4},"o":{"a":1,"k":[{"i":{"x":[0.833],"y":[0.833]},"o":{"x":[0.167],"y":[0.167]},"t":10,"s":[100]},{"i":{"x":[0.833],"y":[0.833]},"o":{"x":[0.167],"y":[0.167]},"t":11,"s":[0]},{"i":{"x":[0.833],"y":[0.833]},"o":{"x":[0.167],"y":[0.167]},"t":87,"s":[0]},{"i":{"x":[0.833],"y":[0.833]},"o":{"x":[0.167],"y":[0.167]},"t":88,"s":[100]},{"i":{"x":[0.833],"y":[0.833]},"o":{"x":[0.167],"y":[0.167]},"t":111,"s":[100]},{"i":{"x":[0.833],"y":[0.833]},"o":{"x":[0.167],"y":[0.167]},"t":112,"s":[0]},{"i":{"x":[0.833],"y":[0.833]},"o":{"x":[0.167],"y":[0.167]},"t":188,"s":[0]},{"t":189,"s":[100]}],"ix":5},"r":1,"bm":0,"nm":"Fill 6","mn":"ADBE Vector Graphic - Fill","hd":false},{"ind":2,"ty":"sh","ix":3,"ks":{"a":0,"k":{"i":[[0,0],[4.2,-1.308],[0,0],[2.5,3.352],[0,0],[-2.717,0.813],[0,0]],"o":[[-0.18,4.162],[0,0],[-4.22,1.315],[0,0],[0,0],[2.717,-0.813],[0,0]],"v":[[103.625,47.302],[96.485,56.565],[-39.905,99.014],[-51.065,95.387],[5.902,26.402],[11.27,22.465],[17.541,22.927]],"c":true},"ix":2},"nm":"Path 5","mn":"ADBE Vector Shape - Group","hd":false},{"ty":"fl","c":{"a":0,"k":[0.9316,0.8538,0.3484,1],"ix":4},"o":{"a":0,"k":100,"ix":5},"r":1,"bm":0,"nm":"Fill 5","mn":"ADBE Vector Graphic - Fill","hd":false},{"ind":4,"ty":"sh","ix":5,"ks":{"a":0,"k":{"i":[[0,0],[4.2,-1.308],[0,0],[2.53,3.45],[0,0],[-2.717,0.812],[0,0]],"o":[[-0.149,4.26],[0,0],[-4.22,1.315],[0,0],[0,0],[2.717,-0.812],[0,0]],"v":[[103.573,47.134],[96.485,56.565],[-39.905,99.013],[-51.118,95.217],[5.469,25.011],[10.82,21.02],[17.108,21.54]],"c":true},"ix":2},"nm":"Path 2","mn":"ADBE Vector Shape - Group","hd":false},{"ty":"fl","c":{"a":0,"k":[1,0.4431,0,1],"ix":4},"o":{"a":0,"k":30,"ix":5},"r":1,"bm":0,"nm":"Fill 2","mn":"ADBE Vector Graphic - Fill","hd":false},{"ind":6,"ty":"sh","ix":7,"ks":{"a":0,"k":{"i":[[-1.69,-5.354],[0,0],[0.05,-1.142],[4.2,-1.308],[0,0],[2.5,3.352],[0.36,1.136],[0,0],[-6.374,-1.622],[0,0],[0,0]],"o":[[0,0],[0.36,1.157],[-0.18,4.162],[0,0],[-4.22,1.315],[-0.68,-0.903],[0,0],[-1.67,-5.372],[0,0],[0,0],[4.139,-4.613]],"v":[[78.958,-33.99],[103.175,43.824],[103.625,47.302],[96.485,56.565],[-39.905,99.014],[-51.065,95.387],[-52.635,92.318],[-76.841,14.537],[-68.329,7.683],[12.317,29.181],[68.061,-34.766]],"c":true},"ix":2},"nm":"Path 3","mn":"ADBE Vector Shape - Group","hd":false},{"ty":"fl","c":{"a":0,"k":[0.9549,0.8576,0.2251,1],"ix":4},"o":{"a":0,"k":100,"ix":5},"r":1,"bm":0,"nm":"Fill 4","mn":"ADBE Vector Graphic - Fill","hd":false},{"ty":"tr","p":{"a":0,"k":[1801.139,934.164],"ix":2},"a":{"a":0,"k":[0,0],"ix":1},"s":{"a":0,"k":[594,594],"ix":3},"r":{"a":0,"k":17.3,"ix":6},"o":{"a":0,"k":100,"ix":7},"sk":{"a":0,"k":0,"ix":4},"sa":{"a":0,"k":0,"ix":5},"nm":"Transform"}],"nm":"front","np":8,"cix":2,"bm":0,"ix":1,"mn":"ADBE Vector Group","hd":false},{"ty":"gr","it":[{"ty":"gr","it":[{"ind":0,"ty":"sh","ix":1,"ks":{"a":0,"k":{"i":[[0,0],[0,0]],"o":[[0,0],[0,0]],"v":[[1741.752,1155.556],[1787.515,1141.378]],"c":false},"ix":2},"nm":"Path 6","mn":"ADBE Vector Shape - Group","hd":false},{"ind":1,"ty":"sh","ix":2,"ks":{"a":0,"k":{"i":[[0,0],[0,0]],"o":[[0,0],[0,0]],"v":[[1746.435,1170.589],[1844.124,1140.151]],"c":false},"ix":2},"nm":"Path 5","mn":"ADBE Vector Shape - Group","hd":false},{"ty":"rp","c":{"a":0,"k":4,"ix":1},"o":{"a":0,"k":0,"ix":2},"m":1,"ix":3,"tr":{"ty":"tr","p":{"a":0,"k":[5,15],"ix":2},"a":{"a":0,"k":[0,0],"ix":1},"s":{"a":0,"k":[100,100],"ix":3},"r":{"a":0,"k":0,"ix":4},"so":{"a":0,"k":100,"ix":5},"eo":{"a":0,"k":100,"ix":6},"nm":"Transform"},"nm":"Repeater 1","mn":"ADBE Vector Filter - Repeater","hd":false},{"ty":"tm","s":{"a":0,"k":0,"ix":1},"e":{"a":1,"k":[{"i":{"x":[0.667],"y":[1]},"o":{"x":[0.333],"y":[0]},"t":17,"s":[0]},{"i":{"x":[0.667],"y":[1]},"o":{"x":[0.167],"y":[0]},"t":46,"s":[100]},{"i":{"x":[0.833],"y":[1]},"o":{"x":[0.167],"y":[0]},"t":105,"s":[100]},{"i":{"x":[0.833],"y":[1]},"o":{"x":[0.333],"y":[0]},"t":106,"s":[0]},{"i":{"x":[0.667],"y":[1]},"o":{"x":[0.333],"y":[0]},"t":118,"s":[0]},{"t":147,"s":[100]}],"ix":2},"o":{"a":0,"k":0,"ix":3},"m":2,"ix":4,"nm":"Trim Paths 1","mn":"ADBE Vector Filter - Trim","hd":false},{"ty":"st","c":{"a":0,"k":[0.8866,0.8688,0.7534,1],"ix":3},"o":{"a":0,"k":100,"ix":4},"w":{"a":0,"k":5,"ix":5},"lc":2,"lj":2,"bm":0,"nm":"Stroke 1","mn":"ADBE Vector Graphic - Stroke","hd":false},{"ty":"tr","p":{"a":0,"k":[-1792,-1153],"ix":2},"a":{"a":0,"k":[0,0],"ix":1},"s":{"a":0,"k":[100,100],"ix":3},"r":{"a":0,"k":0,"ix":6},"o":{"a":0,"k":100,"ix":7},"sk":{"a":0,"k":0,"ix":4},"sa":{"a":0,"k":0,"ix":5},"nm":"Transform"}],"nm":"Group 2","np":5,"cix":2,"bm":0,"ix":1,"mn":"ADBE Vector Group","hd":false},{"ty":"gr","it":[{"ind":0,"ty":"sh","ix":1,"ks":{"a":0,"k":{"i":[[-1.152,-3.69],[0,0],[3.69,-1.152],[0,0],[1.152,3.69],[0,0],[-3.69,1.152],[0,0]],"o":[[0,0],[1.152,3.69],[0,0],[-3.69,1.152],[0,0],[-1.152,-3.69],[0,0],[3.69,-1.152]],"v":[[1861.208,1111.749],[1886.121,1191.558],[1881.524,1200.325],[1753.446,1240.409],[1744.678,1235.813],[1719.765,1156.005],[1724.362,1147.237],[1852.441,1107.153]],"c":true},"ix":2},"nm":"Path 5","mn":"ADBE Vector Shape - Group","hd":false},{"ty":"fl","c":{"a":0,"k":[0.986,0.9791,0.934,1],"ix":4},"o":{"a":0,"k":100,"ix":5},"r":1,"bm":0,"nm":"Fill 3","mn":"ADBE Vector Graphic - Fill","hd":false},{"ty":"tr","p":{"a":0,"k":[-1792,-1153],"ix":2},"a":{"a":0,"k":[0,0],"ix":1},"s":{"a":0,"k":[100,100],"ix":3},"r":{"a":0,"k":0,"ix":6},"o":{"a":0,"k":100,"ix":7},"sk":{"a":0,"k":0,"ix":4},"sa":{"a":0,"k":0,"ix":5},"nm":"Transform"}],"nm":"Group 1","np":2,"cix":2,"bm":0,"ix":2,"mn":"ADBE Vector Group","hd":false},{"ty":"tr","p":{"a":1,"k":[{"i":{"x":0,"y":1},"o":{"x":0.333,"y":0},"t":14,"s":[1801.139,977.164],"to":[0,-35.5],"ti":[0,35.5]},{"t":29,"s":[1801.139,764.164],"h":1},{"i":{"x":0,"y":1},"o":{"x":0.333,"y":0},"t":72,"s":[1801.139,764.164],"to":[0,35.5],"ti":[0,-35.5]},{"i":{"x":0.833,"y":1},"o":{"x":0.167,"y":0},"t":87,"s":[1801.139,977.164],"to":[0,35.5],"ti":[0,0]},{"i":{"x":0,"y":1},"o":{"x":0.333,"y":0},"t":115,"s":[1801.139,977.164],"to":[0,-35.5],"ti":[0,35.5]},{"t":130,"s":[1801.139,764.164],"h":1},{"i":{"x":0,"y":1},"o":{"x":0.333,"y":0},"t":173,"s":[1801.139,764.164],"to":[0,35.5],"ti":[0,-35.5]},{"t":188,"s":[1801.139,977.164]}],"ix":2},"a":{"a":0,"k":[0,0],"ix":1},"s":{"a":0,"k":[594,594],"ix":3},"r":{"a":0,"k":17.3,"ix":6},"o":{"a":0,"k":100,"ix":7},"sk":{"a":0,"k":0,"ix":4},"sa":{"a":0,"k":0,"ix":5},"nm":"Transform"}],"nm":"Group 5","np":2,"cix":2,"bm":0,"ix":2,"mn":"ADBE Vector Group","hd":false},{"ty":"gr","it":[{"ind":0,"ty":"sh","ix":1,"ks":{"a":1,"k":[{"i":{"x":0.833,"y":0.833},"o":{"x":0.167,"y":0.167},"t":10,"s":[{"i":[[-0.758,-2.403],[0,0],[0.05,-1.142],[4.2,-1.308],[0,0],[2.5,3.352],[0.36,1.136],[0,0],[-0.788,2.059],[-14.49,5.196],[-2.265,0.603],[-2.109,-1.321]],"o":[[0,0],[0.36,1.157],[-0.18,4.162],[0,0],[-4.22,1.315],[-0.68,-0.903],[0,0],[-0.707,-2.273],[0.933,-2.439],[2.197,-0.788],[14.919,-3.974],[1.978,1.239]],"v":[[78.735,-34.708],[103.175,43.824],[103.625,47.302],[96.485,56.565],[-39.905,99.014],[-51.065,95.387],[-52.635,92.318],[-77.065,13.819],[-76.632,7.874],[-6.935,-15.232],[0.09,-17.423],[74.435,-40.273]],"c":true}]},{"i":{"x":0,"y":1},"o":{"x":0.167,"y":0.167},"t":11,"s":[{"i":[[-0.758,-2.403],[0,0],[0.05,-1.142],[4.2,-1.308],[0,0],[2.5,3.352],[0.36,1.136],[0,0],[-0.788,2.059],[-13.999,6.772],[-2.338,0.367],[-2.109,-1.321]],"o":[[0,0],[0.36,1.157],[-0.18,4.162],[0,0],[-4.22,1.315],[-0.68,-0.903],[0,0],[-0.707,-2.273],[0.933,-2.439],[2.122,-1.027],[15.402,-2.421],[1.978,1.239]],"v":[[78.735,-34.708],[103.175,43.824],[103.625,47.302],[96.485,56.565],[-39.905,99.014],[-51.065,95.387],[-52.635,92.318],[-77.065,13.819],[-76.632,7.874],[-11.418,-32.357],[-4.394,-34.553],[74.435,-40.273]],"c":true}]},{"i":{"x":0,"y":1},"o":{"x":0.333,"y":0},"t":18,"s":[{"i":[[-0.758,-2.403],[0,0],[0.05,-1.142],[4.2,-1.308],[0,0],[2.5,3.352],[0.36,1.136],[0,0],[-0.788,2.059],[-11.355,15.263],[-2.734,-0.902],[-2.109,-1.321]],"o":[[0,0],[0.36,1.157],[-0.18,4.162],[0,0],[-4.22,1.315],[-0.68,-0.903],[0,0],[-0.707,-2.273],[0.933,-2.439],[1.721,-2.314],[18.008,5.945],[1.978,1.239]],"v":[[78.735,-34.708],[103.175,43.824],[103.625,47.302],[96.485,56.565],[-39.905,99.014],[-51.065,95.387],[-52.635,92.318],[-77.065,13.819],[-76.632,7.874],[-21.154,-67.958],[-14.138,-70.18],[74.435,-40.273]],"c":true}]},{"i":{"x":0.833,"y":0.833},"o":{"x":1,"y":0},"t":81,"s":[{"i":[[-0.758,-2.403],[0,0],[0.05,-1.142],[4.2,-1.308],[0,0],[2.5,3.352],[0.36,1.136],[0,0],[-0.788,2.059],[-11.355,15.263],[-2.734,-0.902],[-2.109,-1.321]],"o":[[0,0],[0.36,1.157],[-0.18,4.162],[0,0],[-4.22,1.315],[-0.68,-0.903],[0,0],[-0.707,-2.273],[0.933,-2.439],[1.721,-2.314],[18.008,5.945],[1.978,1.239]],"v":[[78.735,-34.708],[103.175,43.824],[103.625,47.302],[96.485,56.565],[-39.905,99.014],[-51.065,95.387],[-52.635,92.318],[-77.065,13.819],[-76.632,7.874],[-21.154,-67.958],[-14.138,-70.18],[74.435,-40.273]],"c":true}]},{"i":{"x":0.833,"y":0.833},"o":{"x":0.167,"y":0.167},"t":88,"s":[{"i":[[-0.758,-2.403],[0,0],[0.05,-1.142],[4.2,-1.308],[0,0],[2.5,3.352],[0.36,1.136],[0,0],[-0.788,2.059],[-13.999,6.772],[-2.338,0.367],[-2.109,-1.321]],"o":[[0,0],[0.36,1.157],[-0.18,4.162],[0,0],[-4.22,1.315],[-0.68,-0.903],[0,0],[-0.707,-2.273],[0.933,-2.439],[2.122,-1.027],[15.402,-2.421],[1.978,1.239]],"v":[[78.735,-34.708],[103.175,43.824],[103.625,47.302],[96.485,56.565],[-39.905,99.014],[-51.065,95.387],[-52.635,92.318],[-77.065,13.819],[-76.632,7.874],[-11.418,-32.357],[-4.394,-34.553],[74.435,-40.273]],"c":true}]},{"i":{"x":0.833,"y":0.833},"o":{"x":0.167,"y":0.167},"t":89,"s":[{"i":[[-0.758,-2.403],[0,0],[0.05,-1.142],[4.2,-1.308],[0,0],[2.5,3.352],[0.36,1.136],[0,0],[-0.788,2.059],[-14.49,5.196],[-2.265,0.603],[-2.109,-1.321]],"o":[[0,0],[0.36,1.157],[-0.18,4.162],[0,0],[-4.22,1.315],[-0.68,-0.903],[0,0],[-0.707,-2.273],[0.933,-2.439],[2.197,-0.788],[14.919,-3.974],[1.978,1.239]],"v":[[78.735,-34.708],[103.175,43.824],[103.625,47.302],[96.485,56.565],[-39.905,99.014],[-51.065,95.387],[-52.635,92.318],[-77.065,13.819],[-76.632,7.874],[-6.935,-15.232],[0.09,-17.423],[74.435,-40.273]],"c":true}]},{"i":{"x":0.833,"y":0.833},"o":{"x":0.167,"y":0.167},"t":111,"s":[{"i":[[-0.758,-2.403],[0,0],[0.05,-1.142],[4.2,-1.308],[0,0],[2.5,3.352],[0.36,1.136],[0,0],[-0.788,2.059],[-14.49,5.196],[-2.265,0.603],[-2.109,-1.321]],"o":[[0,0],[0.36,1.157],[-0.18,4.162],[0,0],[-4.22,1.315],[-0.68,-0.903],[0,0],[-0.707,-2.273],[0.933,-2.439],[2.197,-0.788],[14.919,-3.974],[1.978,1.239]],"v":[[78.735,-34.708],[103.175,43.824],[103.625,47.302],[96.485,56.565],[-39.905,99.014],[-51.065,95.387],[-52.635,92.318],[-77.065,13.819],[-76.632,7.874],[-6.935,-15.232],[0.09,-17.423],[74.435,-40.273]],"c":true}]},{"i":{"x":0,"y":1},"o":{"x":0.167,"y":0.167},"t":112,"s":[{"i":[[-0.758,-2.403],[0,0],[0.05,-1.142],[4.2,-1.308],[0,0],[2.5,3.352],[0.36,1.136],[0,0],[-0.788,2.059],[-13.999,6.772],[-2.338,0.367],[-2.109,-1.321]],"o":[[0,0],[0.36,1.157],[-0.18,4.162],[0,0],[-4.22,1.315],[-0.68,-0.903],[0,0],[-0.707,-2.273],[0.933,-2.439],[2.122,-1.027],[15.402,-2.421],[1.978,1.239]],"v":[[78.735,-34.708],[103.175,43.824],[103.625,47.302],[96.485,56.565],[-39.905,99.014],[-51.065,95.387],[-52.635,92.318],[-77.065,13.819],[-76.632,7.874],[-11.418,-32.357],[-4.394,-34.553],[74.435,-40.273]],"c":true}]},{"i":{"x":0,"y":1},"o":{"x":0.333,"y":0},"t":119,"s":[{"i":[[-0.758,-2.403],[0,0],[0.05,-1.142],[4.2,-1.308],[0,0],[2.5,3.352],[0.36,1.136],[0,0],[-0.788,2.059],[-11.355,15.263],[-2.734,-0.902],[-2.109,-1.321]],"o":[[0,0],[0.36,1.157],[-0.18,4.162],[0,0],[-4.22,1.315],[-0.68,-0.903],[0,0],[-0.707,-2.273],[0.933,-2.439],[1.721,-2.314],[18.008,5.945],[1.978,1.239]],"v":[[78.735,-34.708],[103.175,43.824],[103.625,47.302],[96.485,56.565],[-39.905,99.014],[-51.065,95.387],[-52.635,92.318],[-77.065,13.819],[-76.632,7.874],[-21.154,-67.958],[-14.138,-70.18],[74.435,-40.273]],"c":true}]},{"i":{"x":0.833,"y":0.833},"o":{"x":1,"y":0},"t":182,"s":[{"i":[[-0.758,-2.403],[0,0],[0.05,-1.142],[4.2,-1.308],[0,0],[2.5,3.352],[0.36,1.136],[0,0],[-0.788,2.059],[-11.355,15.263],[-2.734,-0.902],[-2.109,-1.321]],"o":[[0,0],[0.36,1.157],[-0.18,4.162],[0,0],[-4.22,1.315],[-0.68,-0.903],[0,0],[-0.707,-2.273],[0.933,-2.439],[1.721,-2.314],[18.008,5.945],[1.978,1.239]],"v":[[78.735,-34.708],[103.175,43.824],[103.625,47.302],[96.485,56.565],[-39.905,99.014],[-51.065,95.387],[-52.635,92.318],[-77.065,13.819],[-76.632,7.874],[-21.154,-67.958],[-14.138,-70.18],[74.435,-40.273]],"c":true}]},{"i":{"x":0.833,"y":0.833},"o":{"x":0.167,"y":0.167},"t":189,"s":[{"i":[[-0.758,-2.403],[0,0],[0.05,-1.142],[4.2,-1.308],[0,0],[2.5,3.352],[0.36,1.136],[0,0],[-0.788,2.059],[-13.999,6.772],[-2.338,0.367],[-2.109,-1.321]],"o":[[0,0],[0.36,1.157],[-0.18,4.162],[0,0],[-4.22,1.315],[-0.68,-0.903],[0,0],[-0.707,-2.273],[0.933,-2.439],[2.122,-1.027],[15.402,-2.421],[1.978,1.239]],"v":[[78.735,-34.708],[103.175,43.824],[103.625,47.302],[96.485,56.565],[-39.905,99.014],[-51.065,95.387],[-52.635,92.318],[-77.065,13.819],[-76.632,7.874],[-11.418,-32.357],[-4.394,-34.553],[74.435,-40.273]],"c":true}]},{"t":190,"s":[{"i":[[-0.758,-2.403],[0,0],[0.05,-1.142],[4.2,-1.308],[0,0],[2.5,3.352],[0.36,1.136],[0,0],[-0.788,2.059],[-14.49,5.196],[-2.265,0.603],[-2.109,-1.321]],"o":[[0,0],[0.36,1.157],[-0.18,4.162],[0,0],[-4.22,1.315],[-0.68,-0.903],[0,0],[-0.707,-2.273],[0.933,-2.439],[2.197,-0.788],[14.919,-3.974],[1.978,1.239]],"v":[[78.735,-34.708],[103.175,43.824],[103.625,47.302],[96.485,56.565],[-39.905,99.014],[-51.065,95.387],[-52.635,92.318],[-77.065,13.819],[-76.632,7.874],[-6.935,-15.232],[0.09,-17.423],[74.435,-40.273]],"c":true}]}],"ix":2},"nm":"Path 4","mn":"ADBE Vector Shape - Group","hd":false},{"ty":"fl","c":{"a":0,"k":[0.8919,0.7954,0.1681,1],"ix":4},"o":{"a":0,"k":100,"ix":5},"r":1,"bm":0,"nm":"Fill 3","mn":"ADBE Vector Graphic - Fill","hd":false},{"ty":"tr","p":{"a":0,"k":[1801.139,934.164],"ix":2},"a":{"a":0,"k":[0,0],"ix":1},"s":{"a":0,"k":[594,594],"ix":3},"r":{"a":0,"k":17.3,"ix":6},"o":{"a":0,"k":100,"ix":7},"sk":{"a":0,"k":0,"ix":4},"sa":{"a":0,"k":0,"ix":5},"nm":"Transform"}],"nm":"back 2","np":2,"cix":2,"bm":0,"ix":3,"mn":"ADBE Vector Group","hd":false},{"ty":"gr","it":[{"ind":0,"ty":"sh","ix":1,"ks":{"a":0,"k":{"i":[[-0.758,-2.403],[0,0],[0.05,-1.142],[4.2,-1.308],[0,0],[2.5,3.352],[0.36,1.136],[0,0],[-0.788,2.059],[-14.49,5.196],[-2.265,0.603],[-2.109,-1.321]],"o":[[0,0],[0.36,1.157],[-0.18,4.162],[0,0],[-4.22,1.315],[-0.68,-0.903],[0,0],[-0.707,-2.273],[0.933,-2.439],[2.197,-0.788],[14.919,-3.974],[1.978,1.239]],"v":[[78.735,-34.708],[103.175,43.824],[103.625,47.302],[96.485,56.565],[-39.905,99.014],[-51.065,95.387],[-52.635,92.318],[-77.065,13.819],[-76.632,7.874],[-6.935,-15.232],[0.09,-17.423],[74.435,-40.273]],"c":true},"ix":2},"nm":"Path 5","mn":"ADBE Vector Shape - Group","hd":false},{"ty":"fl","c":{"a":0,"k":[0,0,0,1],"ix":4},"o":{"a":0,"k":20,"ix":5},"r":1,"bm":0,"nm":"Fill 4","mn":"ADBE Vector Graphic - Fill","hd":false},{"ty":"tr","p":{"a":0,"k":[1785.139,947.164],"ix":2},"a":{"a":0,"k":[0,0],"ix":1},"s":{"a":0,"k":[594,594],"ix":3},"r":{"a":0,"k":17.3,"ix":6},"o":{"a":0,"k":100,"ix":7},"sk":{"a":0,"k":0,"ix":4},"sa":{"a":0,"k":0,"ix":5},"nm":"Transform"}],"nm":"back","np":2,"cix":2,"bm":0,"ix":4,"mn":"ADBE Vector Group","hd":false}],"ip":0,"op":204,"st":-23,"bm":0},{"ddd":0,"ind":7,"ty":4,"nm":"leaf 3","parent":1,"sr":1,"ks":{"o":{"a":0,"k":100,"ix":11},"r":{"a":0,"k":0,"ix":10},"p":{"a":0,"k":[196,-240,0],"ix":2},"a":{"a":0,"k":[1500,1000.5,0],"ix":1},"s":{"a":0,"k":[56,56,100],"ix":6}},"ao":0,"shapes":[{"ty":"gr","it":[{"ind":0,"ty":"sh","ix":1,"ks":{"a":0,"k":{"i":[[0.52,-0.05],[15.722,26.95],[21.544,0],[35.341,11.01],[18.56,8.32],[-0.503,0.85],[-32.295,-10.05],[-43.131,0],[-18.804,6.14],[53.395,57.16],[53.175,-22.35],[0.078,1.07],[-71.736,2.18],[38.007,34.2],[6.59,0],[35.162,-3.87],[48.565,-16.86],[-0.019,0.91],[-0.004,0.17],[-36.694,4.03],[-15.873,0],[-2.179,-0.05],[16.272,13.78],[46.573,31.822],[-0.864,0.642],[-96.288,-81.53],[-30.176,-28.64],[6.164,41.47],[-7.044,39.89],[-0.121,0],[-0.907,-0.082],[-5.287,-35.58],[-1.283,-4.23],[-31.301,-36.06],[-0.128,-0.15],[-21.362,32.62],[-1.781,2.47],[-0.853,-0.58],[1.847,-2.83],[1.964,-100.57],[-22.107,-33.25],[-15.101,23.19],[0,0],[18.79,-15.47],[3.888,-2.83],[-14.087,-36.96],[0.026,-0.05],[0,0],[0,-0.01],[0,0],[0,0],[0,0]],"o":[[-10.195,-26.92],[-19.289,6.4],[-43.533,0],[-32.442,-10.1],[0.365,-0.95],[18.478,8.28],[35.105,10.92],[21.011,0],[-36.858,-62.52],[-71.572,1.17],[-0.162,-0.99],[52.999,-22.24],[-37.629,-40.07],[-1.487,-0.05],[-15.789,0],[-36.753,4.04],[-0.049,-0.86],[0.005,-0.17],[48.538,-16.74],[35.271,-3.88],[3.726,0],[-17.173,-15.39],[-96.765,-81.94],[0.811,-0.642],[46.879,32.06],[34.528,29.24],[-3.716,-13],[-5.304,-35.69],[0.12,-0.001],[0.865,0],[-7.072,39.563],[7.363,49.53],[39.468,37.69],[0.128,0.14],[2.483,-99.44],[1.801,-2.75],[0.83,0.52],[-1.835,2.53],[-21.321,32.64],[30.334,35.22],[25.708,-18.68],[0,0],[-13.962,21.17],[-3.711,3.06],[26.711,40.49],[-0.569,1.13],[0,0],[-0.001,0],[0,0],[0,0],[0,0],[-0.521,0.05]],"v":[[255.766,316.768],[216.528,235.818],[154.584,244.798],[30.443,223.238],[-48.814,193.138],[-47.513,190.428],[31.384,220.388],[154.559,241.798],[214.959,233.168],[75.055,51.768],[-160.378,118.009],[-160.74,114.908],[72.293,48.818],[-42.731,-63.242],[-55.102,-63.412],[-135.027,-58.872],[-269.658,-29.702],[-269.711,-32.362],[-269.694,-32.862],[-135.302,-61.862],[-55.074,-66.412],[-46.17,-66.332],[-96.486,-110.152],[-330.557,-288.331],[-328.049,-290.257],[-94.545,-112.452],[2.575,-25.562],[-16.736,-115.122],[-18.595,-236.622],[-18.232,-236.624],[-15.577,-236.505],[-13.763,-115.562],[6.917,-21.432],[113.245,89.358],[113.624,89.799],[163.293,-101.922],[168.667,-109.731],[171.191,-108.082],[165.664,-100.052],[116.551,93.188],[195.269,195.978],[255.786,131.648],[257.595,134.588],[208.343,189.678],[196.939,198.499],[258.235,314.828],[257.327,316.628],[257.327,316.628],[257.326,316.638],[257.326,316.638],[257.324,316.638],[257.324,316.638]],"c":true},"ix":2},"nm":"Path 3","mn":"ADBE Vector Shape - Group","hd":false},{"ty":"fl","c":{"a":0,"k":[0.4209,0.2045,0.0391,1],"ix":4},"o":{"a":0,"k":100,"ix":5},"r":1,"bm":0,"nm":"Fill 2","mn":"ADBE Vector Graphic - Fill","hd":false},{"ind":2,"ty":"sh","ix":3,"ks":{"a":0,"k":{"i":[[0,0],[-2.571,34.45],[3.084,43.56],[43.327,-9.15],[-2.839,43.58],[-8.23,67.7],[47.117,-4.25],[-0.732,34.35],[63,43.63],[-107.885,59.634],[-44.46,-49.284],[-10.216,5.71],[-45.98,-14.077],[-28.6,19.15],[-50.281,-35.21],[-9.916,-48.08],[0,0],[0,0]],"o":[[-165.658,16.23],[2.57,-34.44],[-1.788,-25.24],[-50.433,10.65],[3.265,-50.13],[4.104,-33.77],[-47.371,4.27],[1.46,-68.54],[-62.999,-43.63],[59.009,-32.618],[36.825,40.819],[22.549,-12.62],[45.98,14.074],[28.598,-19.16],[50.281,35.21],[9.916,48.09],[52.841,-105.53],[101.227,31.71]],"v":[[257.324,316.638],[-50.066,198.838],[26.462,137.818],[-59.895,130.878],[-160.749,108.598],[-85.562,18.719],[-174.718,-6.552],[-269.711,-32.362],[-213.42,-133.032],[-312.32,-300.251],[-150.486,-234.301],[-76.158,-158.372],[-7.843,-234.946],[82.178,-44.552],[171.887,-107.612],[174.944,60.078],[224.503,87.928],[298.275,6.368]],"c":true},"ix":2},"nm":"Path 1","mn":"ADBE Vector Shape - Group","hd":false},{"ty":"fl","c":{"a":0,"k":[0.39,0.288,0.21,1],"ix":4},"o":{"a":0,"k":100,"ix":5},"r":1,"bm":0,"nm":"Fill 1","mn":"ADBE Vector Graphic - Fill","hd":false},{"ty":"tr","p":{"a":0,"k":[776.13,1559.822],"ix":2},"a":{"a":0,"k":[252.778,308.333],"ix":1},"s":{"a":0,"k":[79,79],"ix":3},"r":{"a":1,"k":[{"i":{"x":[0.667],"y":[1]},"o":{"x":[0.333],"y":[0]},"t":0,"s":[8]},{"i":{"x":[0.667],"y":[1]},"o":{"x":[0.333],"y":[0]},"t":32,"s":[3]},{"i":{"x":[0.667],"y":[1]},"o":{"x":[0.333],"y":[0]},"t":77,"s":[8]},{"i":{"x":[0.667],"y":[1]},"o":{"x":[0.333],"y":[0]},"t":136,"s":[3]},{"t":199,"s":[8]}],"ix":6},"o":{"a":0,"k":100,"ix":7},"sk":{"a":0,"k":0,"ix":4},"sa":{"a":0,"k":0,"ix":5},"nm":"Transform"}],"nm":"Group 62","np":4,"cix":2,"bm":0,"ix":1,"mn":"ADBE Vector Group","hd":false},{"ty":"gr","it":[{"ind":0,"ty":"sh","ix":1,"ks":{"a":0,"k":{"i":[[0,0],[241.821,-10.2],[0,0],[0,0],[95.49,-34.36],[-51.858,-9.43],[0,0],[0,0],[-116.191,13.01]],"o":[[0,0],[0,0],[0,0],[0,0],[0,0],[0,0],[0,0],[0,0],[116.191,-13.01]],"v":[[315.451,8.94],[-55.948,-125.96],[-13.934,-68.12],[-81.586,-121.09],[-317.278,-74.91],[-59.935,42.4],[9.245,21.74],[-28.17,73.51],[201.087,123.15]],"c":true},"ix":2},"nm":"Path 1","mn":"ADBE Vector Shape - Group","hd":false},{"ty":"fl","c":{"a":0,"k":[0.91,0.838,0.37,1],"ix":4},"o":{"a":0,"k":100,"ix":5},"r":1,"bm":0,"nm":"Fill 1","mn":"ADBE Vector Graphic - Fill","hd":false},{"ty":"tr","p":{"a":0,"k":[818.171,1522.597],"ix":2},"a":{"a":0,"k":[277.778,30.556],"ix":1},"s":{"a":0,"k":[79,79],"ix":3},"r":{"a":1,"k":[{"i":{"x":[0.667],"y":[1]},"o":{"x":[0.333],"y":[0]},"t":0,"s":[-24]},{"i":{"x":[0.667],"y":[1]},"o":{"x":[0.333],"y":[0]},"t":47,"s":[-21]},{"i":{"x":[0.667],"y":[1]},"o":{"x":[0.333],"y":[0]},"t":99,"s":[-24]},{"i":{"x":[0.667],"y":[1]},"o":{"x":[0.333],"y":[0]},"t":155,"s":[-21]},{"t":199,"s":[-24]}],"ix":6},"o":{"a":0,"k":100,"ix":7},"sk":{"a":0,"k":0,"ix":4},"sa":{"a":0,"k":0,"ix":5},"nm":"Transform"}],"nm":"Group 59","np":2,"cix":2,"bm":0,"ix":2,"mn":"ADBE Vector Group","hd":false},{"ty":"gr","it":[{"ind":0,"ty":"sh","ix":1,"ks":{"a":0,"k":{"i":[[-17.327,35.044],[0,0],[13.781,7.041],[0,0],[0,0],[11.484,9.404],[0,0],[0,0],[0,0],[38.997,-12.255],[0,0],[10.845,-4.755],[0,0],[-1.813,0.784],[0,0],[0,0],[-2.051,0.78],[0,0],[0,0],[-2.342,0.994],[0,0],[-8.098,-1.219],[-0.749,1.903],[0.27,-1.086],[-35.396,-15.316],[6.324,21.338],[6.24,10.822],[-19.384,-14.548],[-30.872,-23.95],[0,0],[-4.168,6.938],[-11.2,-4.394]],"o":[[17.328,-35.045],[0,0],[-13.781,-7.041],[-22.754,-17.704],[0,0],[-11.484,-9.404],[-28.863,-10.099],[-60.399,15.696],[0,0],[0,0],[0,0],[0,0],[1.79,-0.952],[0,0],[0,0],[1.17,-0.457],[0,0],[0,0],[4.779,-1.609],[0,0],[14.735,-5.227],[0,0],[-0.248,0.993],[-6.196,24.92],[35.396,15.316],[-6.326,-21.344],[-6.235,-10.813],[19.375,14.541],[30.871,23.95],[-28.077,-9.588],[4.167,-6.937],[11.2,4.394]],"v":[[206.56,28.825],[151.299,-38.985],[88.847,-36.229],[118.427,-55.556],[11.44,-91.41],[-27.295,-61.107],[-2.416,-91.742],[-73.512,-95.551],[-98.836,-16.496],[-156.585,16.364],[-156.585,16.364],[-175.312,22.938],[-168.851,27.142],[-163.456,24.528],[-163.419,24.516],[-163.339,24.482],[-158.445,22.598],[-158.442,22.593],[-158.427,22.592],[-147.889,18.725],[-147.868,18.715],[-105.019,8.428],[-104.254,5.309],[-105.019,8.428],[-23.419,87.593],[-1.44,66.332],[-30.523,33.292],[-7.472,36.239],[26.276,84.231],[127.822,77.943],[103.376,52.768],[147.656,62.865]],"c":true},"ix":2},"nm":"Path 1","mn":"ADBE Vector Shape - Group","hd":false},{"ty":"fl","c":{"a":0,"k":[1,0.5569,0.2275,1],"ix":4},"o":{"a":0,"k":100,"ix":5},"r":1,"bm":0,"nm":"Fill 1","mn":"ADBE Vector Graphic - Fill","hd":false},{"ty":"tr","p":{"a":0,"k":[1548.444,1508.903],"ix":2},"a":{"a":0,"k":[-158.915,-25.046],"ix":1},"s":{"a":0,"k":[100,100],"ix":3},"r":{"a":1,"k":[{"i":{"x":[0.667],"y":[1]},"o":{"x":[0.333],"y":[0]},"t":0,"s":[5.188]},{"i":{"x":[0.667],"y":[1]},"o":{"x":[0.333],"y":[0]},"t":29,"s":[-2.812]},{"i":{"x":[0.667],"y":[1]},"o":{"x":[0.333],"y":[0]},"t":61,"s":[5.188]},{"i":{"x":[0.667],"y":[1]},"o":{"x":[0.333],"y":[0]},"t":97,"s":[-2.812]},{"i":{"x":[0.667],"y":[1]},"o":{"x":[0.333],"y":[0]},"t":138,"s":[5.188]},{"i":{"x":[0.667],"y":[1]},"o":{"x":[0.333],"y":[0]},"t":172,"s":[-2.812]},{"t":199,"s":[5.188]}],"ix":6},"o":{"a":0,"k":100,"ix":7},"sk":{"a":0,"k":0,"ix":4},"sa":{"a":0,"k":0,"ix":5},"nm":"Transform"}],"nm":"Group 23","np":2,"cix":2,"bm":0,"ix":3,"mn":"ADBE Vector Group","hd":false},{"ty":"gr","it":[{"ind":0,"ty":"sh","ix":1,"ks":{"a":0,"k":{"i":[[-72.4,84.95],[0,0],[0,0],[-45.06,19.7],[0,0],[0,0],[0,0],[0,0]],"o":[[27.07,8.84],[0,0],[39.11,-38.04],[21.97,25.45],[0,0],[122.11,-40.8],[-139.9,286.28],[-19.88,-196.75]],"v":[[-156.955,-120.915],[-89.775,-98.475],[-132.365,-147.195],[-3.555,-232.345],[44.065,-178.565],[40.695,-249.335],[275.615,-280.815],[-255.735,290.135]],"c":true},"ix":2},"nm":"Path 1","mn":"ADBE Vector Shape - Group","hd":false},{"ty":"fl","c":{"a":0,"k":[0.684,0.6216,0.216,1],"ix":4},"o":{"a":0,"k":100,"ix":5},"r":1,"bm":0,"nm":"Fill 1","mn":"ADBE Vector Graphic - Fill","hd":false},{"ind":2,"ty":"sh","ix":3,"ks":{"a":0,"k":{"i":[[7.46,89.64],[0,0],[-141.07,232.92],[0,0],[-40.31,-0.18]],"o":[[-139.9,286.28],[0,0],[0,0],[0,0],[29.92,-64.87]],"v":[[275.615,-280.815],[-255.735,290.135],[214.515,-6.555],[149.255,-49.445],[237.575,-49.925]],"c":true},"ix":2},"nm":"Path 2","mn":"ADBE Vector Shape - Group","hd":false},{"ty":"fl","c":{"a":0,"k":[0.5694,0.5216,0.2106,1],"ix":4},"o":{"a":0,"k":100,"ix":5},"r":1,"bm":0,"nm":"Fill 2","mn":"ADBE Vector Graphic - Fill","hd":false},{"ty":"tr","p":{"a":0,"k":[1601.536,1460.812],"ix":2},"a":{"a":0,"k":[-258.333,261.111],"ix":1},"s":{"a":0,"k":[67,67],"ix":3},"r":{"a":1,"k":[{"i":{"x":[0.667],"y":[1]},"o":{"x":[0.333],"y":[0]},"t":0,"s":[-14]},{"i":{"x":[0.667],"y":[1]},"o":{"x":[0.333],"y":[0]},"t":43,"s":[-22]},{"i":{"x":[0.667],"y":[1]},"o":{"x":[0.333],"y":[0]},"t":113,"s":[-14]},{"i":{"x":[0.667],"y":[1]},"o":{"x":[0.333],"y":[0]},"t":158,"s":[-22]},{"t":199,"s":[-14]}],"ix":6},"o":{"a":0,"k":100,"ix":7},"sk":{"a":0,"k":0,"ix":4},"sa":{"a":0,"k":0,"ix":5},"nm":"Transform"}],"nm":"Group 65","np":4,"cix":2,"bm":0,"ix":4,"mn":"ADBE Vector Group","hd":false}],"ip":0,"op":200,"st":0,"bm":0},{"ddd":0,"ind":8,"ty":4,"nm":"leaf","parent":1,"sr":1,"ks":{"o":{"a":0,"k":85,"ix":11},"r":{"a":0,"k":0,"ix":10},"p":{"a":0,"k":[196,-64,0],"ix":2},"a":{"a":0,"k":[1500,1000.5,0],"ix":1},"s":{"a":0,"k":[56,56,100],"ix":6}},"ao":0,"shapes":[{"ty":"gr","it":[{"ind":0,"ty":"sh","ix":1,"ks":{"a":0,"k":{"i":[[14.25,30.88],[0,0],[-9.27,5.98],[0,0],[0,0],[-7.51,8.07],[0,0],[0,0],[0,0],[-28.13,-11.24],[0,0],[-7.9,-4.3],[0,0],[1.32,0.71],[0,0],[0,0],[1.49,0.71],[0,0],[1.71,0.9],[0,0],[5.61,-0.95],[0.64,1.67],[-0.26,-0.95],[23.97,-12.92],[-3.18,18.58],[-3.75,9.38],[12.76,-12.46],[20.28,-20.53],[0,0],[3.34,6.12],[7.61,-3.69]],"o":[[-14.25,-30.89],[0,0],[9.27,-5.97],[14.94,-15.18],[0,0],[7.52,-8.07],[19.69,-8.44],[43.38,14.54],[0,0],[0,0],[0,0],[0,0],[-1.31,-0.86],[0,0],[0,0],[-0.85,-0.41],[0,0],[-3.46,-1.47],[0,0],[-10.67,-4.77],[0,0],[0.23,0.87],[5.82,21.89],[-23.97,12.92],[3.18,-18.59],[3.74,-9.37],[-12.76,12.46],[-20.27,20.53],[19.17,-8],[-3.34,-6.13],[-7.61,3.7]],"v":[[-126.89,19.835],[-92.06,-38.735],[-17.07,-24.785],[-69.93,-52.795],[3.14,-82.705],[51.04,-37.175],[12.86,-82.815],[62.6,-85.185],[85.06,-15.695],[127.59,13.825],[127.6,13.825],[141.14,19.825],[136.85,23.415],[132.9,21.065],[132.88,21.045],[132.82,21.015],[129.27,19.305],[129.26,19.295],[121.62,15.775],[121.61,15.765],[90.89,6.185],[90.16,3.455],[90.89,6.185],[38.21,74.335],[21.51,55.445],[53.59,10.635],[31.53,18.385],[3.08,70.725],[-68.66,63.855],[-32.57,18.515],[-83.48,50.395]],"c":true},"ix":2},"nm":"Path 1","mn":"ADBE Vector Shape - Group","hd":false},{"ty":"fl","c":{"a":0,"k":[0.91,0.838,0.37,1],"ix":4},"o":{"a":0,"k":100,"ix":5},"r":1,"bm":0,"nm":"Fill 1","mn":"ADBE Vector Graphic - Fill","hd":false},{"ty":"tr","p":{"a":0,"k":[1214.31,722.068],"ix":2},"a":{"a":0,"k":[119.643,-16.071],"ix":1},"s":{"a":0,"k":[-136,136],"ix":3},"r":{"a":1,"k":[{"i":{"x":[0.667],"y":[1]},"o":{"x":[0.333],"y":[0]},"t":0,"s":[-53]},{"i":{"x":[0.667],"y":[1]},"o":{"x":[0.333],"y":[0]},"t":56,"s":[-50]},{"i":{"x":[0.667],"y":[1]},"o":{"x":[0.333],"y":[0]},"t":98,"s":[-53]},{"i":{"x":[0.667],"y":[1]},"o":{"x":[0.333],"y":[0]},"t":157,"s":[-50]},{"t":199,"s":[-53]}],"ix":6},"o":{"a":0,"k":100,"ix":7},"sk":{"a":0,"k":0,"ix":4},"sa":{"a":0,"k":0,"ix":5},"nm":"Transform"}],"nm":"Group 15","np":2,"cix":2,"bm":0,"ix":1,"mn":"ADBE Vector Group","hd":false},{"ty":"gr","it":[{"ind":0,"ty":"sh","ix":1,"ks":{"a":0,"k":{"i":[[81.51,-75.711],[-128.3,56.065],[-2.22,0],[-2.69,-5.596],[5.2,-10.51]],"o":[[0,0],[2.13,-0.931],[5.93,0],[2.42,5.01],[-13.86,28.028]],"v":[[-86.345,139.385],[136.205,-73.643],[142.805,-75.019],[157.135,-66.244],[154.665,-43.433]],"c":true},"ix":2},"nm":"Path 2","mn":"ADBE Vector Shape - Group","hd":false},{"ind":1,"ty":"sh","ix":2,"ks":{"a":0,"k":{"i":[[45.26,-73.28],[-81,69.392],[-3.32,0],[1.78,-10.112],[0.05,-0.238]],"o":[[0,0],[2.96,-2.541],[8.7,0],[-0.04,0.233],[-4.57,23.769]],"v":[[-72.085,102.304],[45.575,-98.64],[55.255,-102.304],[70.305,-84.442],[70.175,-83.736]],"c":true},"ix":2},"nm":"Path 1","mn":"ADBE Vector Shape - Group","hd":false},{"ty":"fl","c":{"a":0,"k":[1,0.5569,0.2275,1],"ix":4},"o":{"a":0,"k":100,"ix":5},"r":1,"bm":0,"nm":"Fill 1","mn":"ADBE Vector Graphic - Fill","hd":false},{"ty":"tr","p":{"a":0,"k":[904.419,751.634],"ix":2},"a":{"a":0,"k":[-71.429,132.143],"ix":1},"s":{"a":0,"k":[-100,100],"ix":3},"r":{"a":1,"k":[{"i":{"x":[0.667],"y":[1]},"o":{"x":[0.333],"y":[0]},"t":0,"s":[1]},{"i":{"x":[0.667],"y":[1]},"o":{"x":[0.333],"y":[0]},"t":36,"s":[-4]},{"i":{"x":[0.667],"y":[1]},"o":{"x":[0.333],"y":[0]},"t":117,"s":[1]},{"i":{"x":[0.667],"y":[1]},"o":{"x":[0.333],"y":[0]},"t":174,"s":[-4]},{"t":199,"s":[1]}],"ix":6},"o":{"a":0,"k":100,"ix":7},"sk":{"a":0,"k":0,"ix":4},"sa":{"a":0,"k":0,"ix":5},"nm":"Transform"}],"nm":"Group 22","np":3,"cix":2,"bm":0,"ix":2,"mn":"ADBE Vector Group","hd":false},{"ty":"gr","it":[{"ind":0,"ty":"sh","ix":1,"ks":{"a":0,"k":{"i":[[-26.95,51.06],[0,0],[-17.61,-6.33],[0,0],[0,0],[-18.63,-1.8],[0,0],[0,0],[0,0],[-13.85,-49.51],[0,0],[-2.34,-15.09],[0,0],[0.4,2.51],[0,0],[0,0],[0.57,2.74],[0,0],[0,0],[0.54,3.23],[0,0],[7.08,6.58],[-1.59,2.59],[1.03,-1.33],[42.13,18.99],[-28.33,14.87],[-16.51,4.62],[29.96,4.35],[48.58,6.17],[0,0],[-4.81,10.82],[12.83,6.46]],"o":[[26.94,-51.05],[0,0],[17.61,6.34],[35.87,4.49],[0,0],[18.63,1.81],[31.68,17.83],[25.13,73.47],[0,0],[0,0],[0,0],[0,0],[-0.2,-2.65],[0,0],[0,0],[-0.31,-1.57],[0,0],[0,0],[-1.58,-6.18],[0,0],[-4.57,-19.29],[0,0],[-0.93,1.21],[-23.49,30.41],[-42.13,-18.99],[28.33,-14.87],[16.5,-4.62],[-29.95,-4.36],[-48.58,-6.16],[30.55,17.57],[4.81,-10.81],[-12.82,-6.45]],"v":[[-167.555,-155.115],[-52.705,-168.555],[5.815,-53.085],[-10.935,-153.215],[104.725,-85.575],[92.745,25.945],[114.895,-72.575],[169.375,-7.985],[98.875,93.955],[102.935,181.715],[102.935,181.715],[108.815,206.165],[99.555,204.085],[98.655,196.335],[98.645,196.285],[98.625,196.175],[97.285,189.625],[97.275,189.615],[97.275,189.605],[94.155,175.675],[94.155,175.645],[75.375,124.365],[78.315,120.565],[75.375,124.365],[-70.795,123.625],[-62.545,81.635],[30.925,78.675],[-2.265,56.945],[-102.145,72.555],[-166.855,-31.215],[-68.525,-29.345],[-164.005,-65.085]],"c":true},"ix":2},"nm":"Path 1","mn":"ADBE Vector Shape - Group","hd":false},{"ty":"fl","c":{"a":0,"k":[1,0.5569,0.2275,1],"ix":4},"o":{"a":0,"k":100,"ix":5},"r":1,"bm":0,"nm":"Fill 1","mn":"ADBE Vector Graphic - Fill","hd":false},{"ty":"tr","p":{"a":0,"k":[1619.554,1158.989],"ix":2},"a":{"a":0,"k":[100,194.643],"ix":1},"s":{"a":0,"k":[-100,100],"ix":3},"r":{"a":1,"k":[{"i":{"x":[0.667],"y":[1]},"o":{"x":[0.333],"y":[0]},"t":0,"s":[25]},{"i":{"x":[0.667],"y":[1]},"o":{"x":[0.333],"y":[0]},"t":34,"s":[33]},{"i":{"x":[0.667],"y":[1]},"o":{"x":[0.333],"y":[0]},"t":71,"s":[22.806]},{"i":{"x":[0.667],"y":[1]},"o":{"x":[0.333],"y":[0]},"t":124,"s":[29.894]},{"i":{"x":[0.667],"y":[1]},"o":{"x":[0.333],"y":[0]},"t":167,"s":[20.914]},{"t":199,"s":[25]}],"ix":6},"o":{"a":0,"k":100,"ix":7},"sk":{"a":0,"k":0,"ix":4},"sa":{"a":0,"k":0,"ix":5},"nm":"Transform"}],"nm":"Group 16","np":2,"cix":2,"bm":0,"ix":3,"mn":"ADBE Vector Group","hd":false},{"ty":"gr","it":[{"ind":0,"ty":"sh","ix":1,"ks":{"a":0,"k":{"i":[[12.16,44.9],[0,0],[14.97,-1.87],[0,0],[0,0],[14.96,1.87],[0,0],[0,0],[0,0],[19.64,-36.49],[0,0],[4.5,-11.45],[0,0],[-0.76,1.9],[0,0],[0,0],[-0.94,2.04],[0,0],[0,0],[-1,2.44],[0,0],[-6.73,3.93],[0.79,2.32],[-0.57,-1.22],[-36.49,7.48],[19.65,16.7],[12.16,6.55],[-24.32,-1.87],[-39.28,-3.74],[0,0],[1.87,9.36],[-11.22,2.8]],"o":[[-12.16,-44.9],[0,0],[-14.97,1.87],[-29,-2.8],[0,0],[-14.97,-1.87],[-28.07,8.41],[-32.74,53.32],[0,0],[0,0],[0,0],[0,0],[0.62,-2.05],[0,0],[0,0],[0.53,-1.18],[0,0],[0,0],[2.34,-4.58],[0,0],[7.01,-14.37],[0,0],[0.52,1.12],[13.1,28.07],[36.48,-7.48],[-19.64,-16.71],[-12.16,-6.55],[24.32,1.87],[39.3,3.74],[-27.13,8.42],[-1.88,-9.35],[11.23,-2.81]],"v":[[155.755,-95.155],[67.825,-126.025],[1.405,-45.575],[32.275,-121.355],[-70.625,-88.605],[-80.915,1.195],[-80.915,-80.185],[-135.175,-39.025],[-97.755,53.585],[-116.465,121.875],[-116.465,121.875],[-125.405,140.055],[-117.755,140.055],[-115.685,134.125],[-115.665,134.085],[-115.635,134.005],[-113.415,129.095],[-113.415,129.085],[-113.405,129.075],[-108.495,118.675],[-108.485,118.655],[-84.665,81.645],[-86.295,78.135],[-84.665,81.645],[30.405,106.905],[31.335,72.435],[-41.625,53.585],[-11.695,42.355],[64.075,72.295],[133.305,2.135],[55.665,-13.775],[137.045,-24.995]],"c":true},"ix":2},"nm":"Path 1","mn":"ADBE Vector Shape - Group","hd":false},{"ty":"fl","c":{"a":0,"k":[0.684,0.6216,0.216,1],"ix":4},"o":{"a":0,"k":100,"ix":5},"r":1,"bm":0,"nm":"Fill 1","mn":"ADBE Vector Graphic - Fill","hd":false},{"ty":"tr","p":{"a":0,"k":[764.819,817.631],"ix":2},"a":{"a":0,"k":[-144.643,121.429],"ix":1},"s":{"a":0,"k":[-100,100],"ix":3},"r":{"a":1,"k":[{"i":{"x":[0.667],"y":[1]},"o":{"x":[0.333],"y":[0]},"t":0,"s":[-2]},{"i":{"x":[0.667],"y":[1]},"o":{"x":[0.333],"y":[0]},"t":45,"s":[-7]},{"i":{"x":[0.667],"y":[1]},"o":{"x":[0.333],"y":[0]},"t":104,"s":[-2]},{"i":{"x":[0.667],"y":[1]},"o":{"x":[0.333],"y":[0]},"t":164,"s":[-7]},{"t":199,"s":[-2]}],"ix":6},"o":{"a":0,"k":100,"ix":7},"sk":{"a":0,"k":0,"ix":4},"sa":{"a":0,"k":0,"ix":5},"nm":"Transform"}],"nm":"Group 17","np":2,"cix":2,"bm":0,"ix":4,"mn":"ADBE Vector Group","hd":false},{"ty":"gr","it":[{"ind":0,"ty":"sh","ix":1,"ks":{"a":0,"k":{"i":[[-24.431,75.331],[0,0],[-25.3,-4.431],[0,0],[0,0],[-25.61,1.932],[0,0],[0,0],[0,0],[-30.35,-63.672],[0,0],[-6.71,-19.844],[0,0],[1.14,3.301],[0,0],[0,0],[1.43,3.563],[0,0],[0,0],[1.5,4.233],[0,0],[11.12,7.237],[-1.54,3.876],[1.08,-2.032],[61.4,15.771],[-34.8,26.756],[-21.22,10.119],[41.51,-1.15],[67.11,-3.082],[0,0],[-3.96,15.75],[18.85,5.709]],"o":[[24.42,-75.331],[0,0],[25.29,4.431],[49.54,-2.35],[0,0],[25.6,-1.931],[47.02,16.658],[51.22,93.396],[0,0],[0,0],[0,0],[0,0],[-0.89,-3.541],[0,0],[0,0],[-0.79,-2.054],[0,0],[0,0],[-3.59,-7.976],[0,0],[-10.71,-25.008],[0,0],[-0.98,1.859],[-24.61,46.623],[-61.41,-15.771],[34.79,-26.755],[21.23,-10.118],[-41.51,1.15],[-67.12,3.081],[45.42,16.58],[3.96,-15.749],[-18.85,-5.709]],"v":[[-258.38,-174.038],[-106.3,-219.183],[-0.079,-76.85],[-46.239,-208.262],[125.98,-144],[135.98,9.551],[142.771,-128.826],[231.59,-54.312],[160.231,100.028],[186.341,217.7],[186.341,217.702],[200.031,249.369],[187.021,248.73],[183.98,238.459],[183.96,238.399],[183.91,238.256],[180.551,229.716],[180.551,229.703],[180.54,229.686],[173.051,211.598],[173.04,211.559],[135.62,146.651],[138.701,140.821],[135.62,146.651],[-62.12,179.988],[-60.829,121.293],[64.8,95.341],[14.84,73.755],[-116.49,118.326],[-228.33,-6.746],[-94.989,-27.302],[-232.429,-53.184]],"c":true},"ix":2},"nm":"Path 1","mn":"ADBE Vector Shape - Group","hd":false},{"ty":"fl","c":{"a":0,"k":[0.91,0.838,0.37,1],"ix":4},"o":{"a":0,"k":100,"ix":5},"r":1,"bm":0,"nm":"Fill 1","mn":"ADBE Vector Graphic - Fill","hd":false},{"ty":"tr","p":{"a":0,"k":[1129.909,779.904],"ix":2},"a":{"a":0,"k":[225,232.143],"ix":1},"s":{"a":0,"k":[100,100],"ix":3},"r":{"a":1,"k":[{"i":{"x":[0.667],"y":[1]},"o":{"x":[0.333],"y":[0]},"t":0,"s":[13]},{"i":{"x":[0.667],"y":[1]},"o":{"x":[0.333],"y":[0]},"t":43,"s":[5]},{"i":{"x":[0.667],"y":[1]},"o":{"x":[0.333],"y":[0]},"t":92,"s":[13]},{"i":{"x":[0.667],"y":[1]},"o":{"x":[0.333],"y":[0]},"t":144,"s":[5]},{"t":199,"s":[13]}],"ix":6},"o":{"a":0,"k":100,"ix":7},"sk":{"a":0,"k":0,"ix":4},"sa":{"a":0,"k":0,"ix":5},"nm":"Transform"}],"nm":"Group 18","np":2,"cix":2,"bm":0,"ix":5,"mn":"ADBE Vector Group","hd":false},{"ty":"gr","it":[{"ind":0,"ty":"sh","ix":1,"ks":{"a":0,"k":{"i":[[16.94,0],[0,0],[-43.77,0],[-1.63,-21.67]],"o":[[-53.5,0],[0,0],[51.94,0],[0.73,9.6]],"v":[[46.76,70.935],[-120.69,34.595],[-36.86,31.075],[73.86,57.695]],"c":true},"ix":2},"nm":"Path 2","mn":"ADBE Vector Shape - Group","hd":false},{"ind":1,"ty":"sh","ix":2,"ks":{"a":0,"k":{"i":[[0,0],[-46.77,0],[-3.84,-3.7]],"o":[[0,0],[8.15,0],[25.89,24.98]],"v":[[-97.42,26.005],[53.12,-26.005],[71.53,-20.725]],"c":true},"ix":2},"nm":"Path 1","mn":"ADBE Vector Shape - Group","hd":false},{"ty":"fl","c":{"a":0,"k":[0.5694,0.5216,0.2106,1],"ix":4},"o":{"a":0,"k":100,"ix":5},"r":1,"bm":0,"nm":"Fill 1","mn":"ADBE Vector Graphic - Fill","hd":false},{"ty":"tr","p":{"a":0,"k":[1571.15,766.592],"ix":2},"a":{"a":0,"k":[-109.821,33.036],"ix":1},"s":{"a":0,"k":[145,145],"ix":3},"r":{"a":1,"k":[{"i":{"x":[0.667],"y":[1]},"o":{"x":[0.333],"y":[0]},"t":0,"s":[-49.641]},{"i":{"x":[0.667],"y":[1]},"o":{"x":[0.333],"y":[0]},"t":52,"s":[-46.641]},{"i":{"x":[0.667],"y":[1]},"o":{"x":[0.333],"y":[0]},"t":99,"s":[-49.641]},{"i":{"x":[0.667],"y":[1]},"o":{"x":[0.333],"y":[0]},"t":153,"s":[-46.641]},{"t":199,"s":[-49.641]}],"ix":6},"o":{"a":0,"k":100,"ix":7},"sk":{"a":0,"k":0,"ix":4},"sa":{"a":0,"k":0,"ix":5},"nm":"Transform"}],"nm":"Group 20","np":3,"cix":2,"bm":0,"ix":6,"mn":"ADBE Vector Group","hd":false}],"ip":0,"op":200,"st":0,"bm":0},{"ddd":0,"ind":9,"ty":4,"nm":"Shape Layer 10","sr":1,"ks":{"o":{"a":0,"k":36,"ix":11},"r":{"a":0,"k":0,"ix":10},"p":{"a":0,"k":[512,530,0],"ix":2},"a":{"a":0,"k":[0,0,0],"ix":1},"s":{"a":0,"k":[100,100,100],"ix":6}},"ao":0,"shapes":[{"ty":"gr","it":[{"d":1,"ty":"el","s":{"a":0,"k":[905,66],"ix":2},"p":{"a":0,"k":[0,0],"ix":3},"nm":"Ellipse Path 1","mn":"ADBE Vector Shape - Ellipse","hd":false},{"ty":"fl","c":{"a":0,"k":[0.1738,0.1036,0.0462,1],"ix":4},"o":{"a":0,"k":20,"ix":5},"r":1,"bm":0,"nm":"Fill 1","mn":"ADBE Vector Graphic - Fill","hd":false},{"ty":"tr","p":{"a":0,"k":[-3,249],"ix":2},"a":{"a":0,"k":[0,0],"ix":1},"s":{"a":0,"k":[100,100],"ix":3},"r":{"a":0,"k":0,"ix":6},"o":{"a":0,"k":100,"ix":7},"sk":{"a":0,"k":0,"ix":4},"sa":{"a":0,"k":0,"ix":5},"nm":"Transform"}],"nm":"Ellipse 1","np":2,"cix":2,"bm":0,"ix":1,"mn":"ADBE Vector Group","hd":false}],"ip":0,"op":200,"st":0,"bm":0}],"markers":[]}