{"v":"5.6.5","fr":25,"ip":0,"op":55,"w":800,"h":800,"nm":"info","ddd":0,"assets":[],"layers":[{"ddd":0,"ind":1,"ty":4,"nm":"Capa de formas 1","sr":1,"ks":{"o":{"a":1,"k":[{"i":{"x":[0.4],"y":[1]},"o":{"x":[0.6],"y":[0]},"t":16,"s":[0]},{"t":25,"s":[100]}],"ix":11},"r":{"a":0,"k":0,"ix":10},"p":{"a":1,"k":[{"i":{"x":0.833,"y":0.823},"o":{"x":0.167,"y":0.167},"t":16,"s":[400,900,0],"to":[0,-19.956,0],"ti":[0,42.274,0]},{"i":{"x":0.833,"y":0.839},"o":{"x":0.167,"y":0.158},"t":17,"s":[400,780.262,0],"to":[0,-42.274,0],"ti":[0,43.012,0]},{"i":{"x":0.833,"y":0.85},"o":{"x":0.167,"y":0.173},"t":18,"s":[400,646.353,0],"to":[0,-43.012,0],"ti":[0,37.35,0]},{"i":{"x":0.833,"y":0.859},"o":{"x":0.167,"y":0.187},"t":19,"s":[400,522.188,0],"to":[0,-37.35,0],"ti":[0,28.247,0]},{"i":{"x":0.833,"y":0.869},"o":{"x":0.167,"y":0.203},"t":20,"s":[400,422.254,0],"to":[0,-28.247,0],"ti":[0,18.162,0]},{"i":{"x":0.833,"y":0.888},"o":{"x":0.167,"y":0.23},"t":21,"s":[400,352.706,0],"to":[0,-18.162,0],"ti":[0,8.866,0]},{"i":{"x":0.833,"y":0.881},"o":{"x":0.167,"y":0.322},"t":22,"s":[400,313.285,0],"to":[0,-8.866,0],"ti":[0,1.425,0]},{"i":{"x":0.833,"y":0.678},"o":{"x":0.167,"y":0.276},"t":23,"s":[400,299.51,0],"to":[0,-1.425,0],"ti":[0,-3.72,0]},{"i":{"x":0.833,"y":0.807},"o":{"x":0.167,"y":0.112},"t":24,"s":[400,304.736,0],"to":[0,3.72,0],"ti":[0,-6.605,0]},{"i":{"x":0.833,"y":0.832},"o":{"x":0.167,"y":0.147},"t":25,"s":[400,321.833,0],"to":[0,6.605,0],"ti":[0,-7.576,0]},{"i":{"x":0.833,"y":0.844},"o":{"x":0.167,"y":0.165},"t":26,"s":[400,344.367,0],"to":[0,7.576,0],"ti":[0,-7.137,0]},{"i":{"x":0.833,"y":0.854},"o":{"x":0.167,"y":0.179},"t":27,"s":[400,367.29,0],"to":[0,7.137,0],"ti":[0,-5.825,0]},{"i":{"x":0.833,"y":0.863},"o":{"x":0.167,"y":0.194},"t":28,"s":[400,387.192,0],"to":[0,5.825,0],"ti":[0,-4.12,0]},{"i":{"x":0.833,"y":0.876},"o":{"x":0.167,"y":0.213},"t":29,"s":[400,402.24,0],"to":[0,4.12,0],"ti":[0,-2.399,0]},{"i":{"x":0.833,"y":0.9},"o":{"x":0.167,"y":0.254},"t":30,"s":[400,411.913,0],"to":[0,2.399,0],"ti":[0,-0.912,0]},{"i":{"x":0.833,"y":0.743},"o":{"x":0.167,"y":0.495},"t":31,"s":[400,416.633,0],"to":[0,0.912,0],"ti":[0,0.205,0]},{"i":{"x":0.833,"y":0.769},"o":{"x":0.167,"y":0.123},"t":32,"s":[400,417.388,0],"to":[0,-0.205,0],"ti":[0,0.918,0]},{"i":{"x":0.833,"y":0.821},"o":{"x":0.167,"y":0.13},"t":33,"s":[400,415.402,0],"to":[0,-0.918,0],"ti":[0,1.26,0]},{"i":{"x":0.833,"y":0.838},"o":{"x":0.167,"y":0.156},"t":34,"s":[400,411.88,0],"to":[0,-1.26,0],"ti":[0,1.307,0]},{"i":{"x":0.833,"y":0.849},"o":{"x":0.167,"y":0.172},"t":35,"s":[400,407.842,0],"to":[0,-1.307,0],"ti":[0,1.151,0]},{"i":{"x":0.833,"y":0.858},"o":{"x":0.167,"y":0.185},"t":36,"s":[400,404.039,0],"to":[0,-1.151,0],"ti":[0,0.883,0]},{"i":{"x":0.833,"y":0.868},"o":{"x":0.167,"y":0.201},"t":37,"s":[400,400.935,0],"to":[0,-0.883,0],"ti":[0,0.579,0]},{"i":{"x":0.833,"y":0.885},"o":{"x":0.167,"y":0.227},"t":38,"s":[400,398.741,0],"to":[0,-0.579,0],"ti":[0,0.294,0]},{"i":{"x":0.833,"y":0.89},"o":{"x":0.167,"y":0.303},"t":39,"s":[400,397.463,0],"to":[0,-0.294,0],"ti":[0,0.063,0]},{"i":{"x":0.833,"y":0.657},"o":{"x":0.167,"y":0.341},"t":40,"s":[400,396.978,0],"to":[0,-0.063,0],"ti":[0,-0.1,0]},{"i":{"x":0.833,"y":0.802},"o":{"x":0.167,"y":0.11},"t":41,"s":[400,397.088,0],"to":[0,0.1,0],"ti":[0,-0.194,0]},{"i":{"x":0.833,"y":0.818},"o":{"x":0.167,"y":0.144},"t":42,"s":[400,397.577,0],"to":[0,0.194,0],"ti":[0,-0.244,0]},{"i":{"x":0.833,"y":0.852},"o":{"x":0.167,"y":0.154},"t":43,"s":[400,398.249,0],"to":[0,0.244,0],"ti":[0,-0.236,0]},{"i":{"x":0.833,"y":0.869},"o":{"x":0.167,"y":0.19},"t":44,"s":[400,399.044,0],"to":[0,0.236,0],"ti":[0,-0.162,0]},{"i":{"x":0.833,"y":0.884},"o":{"x":0.167,"y":0.23},"t":45,"s":[400,399.665,0],"to":[0,0.162,0],"ti":[0,-0.082,0]},{"i":{"x":0.833,"y":0.901},"o":{"x":0.167,"y":0.294},"t":46,"s":[400,400.018,0],"to":[0,0.082,0],"ti":[0,-0.023,0]},{"i":{"x":0.833,"y":0.703},"o":{"x":0.167,"y":0.533},"t":47,"s":[400,400.158,0],"to":[0,0.023,0],"ti":[0,0.011,0]},{"i":{"x":0.833,"y":0.818},"o":{"x":0.167,"y":0.116},"t":48,"s":[400,400.159,0],"to":[0,-0.011,0],"ti":[0,0.024,0]},{"i":{"x":0.833,"y":0.902},"o":{"x":0.167,"y":0.154},"t":49,"s":[400,400.093,0],"to":[0,-0.024,0],"ti":[0,0.015,0]},{"i":{"x":0.833,"y":0.917},"o":{"x":0.167,"y":0.554},"t":50,"s":[400,400.014,0],"to":[0,-0.015,0],"ti":[0,0.002,0]},{"i":{"x":0.833,"y":0.833},"o":{"x":0.167,"y":0.167},"t":51,"s":[400,400,0],"to":[0,0,0],"ti":[0,0,0]},{"i":{"x":0.833,"y":0.833},"o":{"x":0.167,"y":0.167},"t":52,"s":[400,400,0],"to":[0,0,0],"ti":[0,0,0]},{"i":{"x":0.833,"y":0.833},"o":{"x":0.167,"y":0.167},"t":53,"s":[400,400,0],"to":[0,0,0],"ti":[0,0,0]},{"t":54,"s":[400,400,0]}],"ix":2},"a":{"a":0,"k":[250,250,0],"ix":1},"s":{"a":1,"k":[{"i":{"x":[0.833,0.833,0.833],"y":[0.823,0.823,1]},"o":{"x":[0.167,0.167,0.167],"y":[0.167,0.167,0]},"t":16,"s":[0,0,100]},{"i":{"x":[0.833,0.833,0.833],"y":[0.839,0.839,1]},"o":{"x":[0.167,0.167,0.167],"y":[0.158,0.158,0]},"t":17,"s":[23.948,23.948,100]},{"i":{"x":[0.833,0.833,0.833],"y":[0.85,0.85,1]},"o":{"x":[0.167,0.167,0.167],"y":[0.173,0.173,0]},"t":18,"s":[50.729,50.729,100]},{"i":{"x":[0.833,0.833,0.833],"y":[0.859,0.859,1]},"o":{"x":[0.167,0.167,0.167],"y":[0.187,0.187,0]},"t":19,"s":[75.562,75.562,100]},{"i":{"x":[0.833,0.833,0.833],"y":[0.869,0.869,1]},"o":{"x":[0.167,0.167,0.167],"y":[0.203,0.203,0]},"t":20,"s":[95.549,95.549,100]},{"i":{"x":[0.833,0.833,0.833],"y":[0.888,0.888,1]},"o":{"x":[0.167,0.167,0.167],"y":[0.23,0.23,0]},"t":21,"s":[109.459,109.459,100]},{"i":{"x":[0.833,0.833,0.833],"y":[0.948,0.948,1]},"o":{"x":[0.167,0.167,0.167],"y":[0.322,0.322,0]},"t":22,"s":[117.343,117.343,100]},{"i":{"x":[0.833,0.833,0.833],"y":[0.644,0.644,1]},"o":{"x":[0.167,0.167,0.167],"y":[-0.136,-0.136,0]},"t":23,"s":[120.098,120.098,100]},{"i":{"x":[0.833,0.833,0.833],"y":[0.807,0.807,1]},"o":{"x":[0.167,0.167,0.167],"y":[0.109,0.109,0]},"t":24,"s":[119.053,119.053,100]},{"i":{"x":[0.833,0.833,0.833],"y":[0.832,0.832,1]},"o":{"x":[0.167,0.167,0.167],"y":[0.147,0.147,0]},"t":25,"s":[115.633,115.633,100]},{"i":{"x":[0.833,0.833,0.833],"y":[0.844,0.844,1]},"o":{"x":[0.167,0.167,0.167],"y":[0.165,0.165,0]},"t":26,"s":[111.127,111.127,100]},{"i":{"x":[0.833,0.833,0.833],"y":[0.854,0.854,1]},"o":{"x":[0.167,0.167,0.167],"y":[0.179,0.179,0]},"t":27,"s":[106.542,106.542,100]},{"i":{"x":[0.833,0.833,0.833],"y":[0.863,0.863,1]},"o":{"x":[0.167,0.167,0.167],"y":[0.194,0.194,0]},"t":28,"s":[102.562,102.562,100]},{"i":{"x":[0.833,0.833,0.833],"y":[0.876,0.876,1]},"o":{"x":[0.167,0.167,0.167],"y":[0.213,0.213,0]},"t":29,"s":[99.552,99.552,100]},{"i":{"x":[0.833,0.833,0.833],"y":[0.903,0.903,1]},"o":{"x":[0.167,0.167,0.167],"y":[0.254,0.254,0]},"t":30,"s":[97.617,97.617,100]},{"i":{"x":[0.833,0.833,0.833],"y":[1.136,1.136,1]},"o":{"x":[0.167,0.167,0.167],"y":[0.604,0.604,0]},"t":31,"s":[96.673,96.673,100]},{"i":{"x":[0.833,0.833,0.833],"y":[0.769,0.769,1]},"o":{"x":[0.167,0.167,0.167],"y":[0.052,0.052,0]},"t":32,"s":[96.522,96.522,100]},{"i":{"x":[0.833,0.833,0.833],"y":[0.821,0.821,1]},"o":{"x":[0.167,0.167,0.167],"y":[0.13,0.13,0]},"t":33,"s":[96.92,96.92,100]},{"i":{"x":[0.833,0.833,0.833],"y":[0.838,0.838,1]},"o":{"x":[0.167,0.167,0.167],"y":[0.156,0.156,0]},"t":34,"s":[97.624,97.624,100]},{"i":{"x":[0.833,0.833,0.833],"y":[0.849,0.849,1]},"o":{"x":[0.167,0.167,0.167],"y":[0.172,0.172,0]},"t":35,"s":[98.432,98.432,100]},{"i":{"x":[0.833,0.833,0.833],"y":[0.858,0.858,1]},"o":{"x":[0.167,0.167,0.167],"y":[0.185,0.185,0]},"t":36,"s":[99.192,99.192,100]},{"i":{"x":[0.833,0.833,0.833],"y":[0.868,0.868,1]},"o":{"x":[0.167,0.167,0.167],"y":[0.201,0.201,0]},"t":37,"s":[99.813,99.813,100]},{"i":{"x":[0.833,0.833,0.833],"y":[0.885,0.885,1]},"o":{"x":[0.167,0.167,0.167],"y":[0.227,0.227,0]},"t":38,"s":[100.252,100.252,100]},{"i":{"x":[0.833,0.833,0.833],"y":[0.936,0.936,1]},"o":{"x":[0.167,0.167,0.167],"y":[0.303,0.303,0]},"t":39,"s":[100.507,100.507,100]},{"i":{"x":[0.833,0.833,0.833],"y":[0.546,0.546,1]},"o":{"x":[0.167,0.167,0.167],"y":[-0.285,-0.285,0]},"t":40,"s":[100.604,100.604,100]},{"i":{"x":[0.833,0.833,0.833],"y":[0.802,0.802,1]},"o":{"x":[0.167,0.167,0.167],"y":[0.102,0.102,0]},"t":41,"s":[100.582,100.582,100]},{"i":{"x":[0.833,0.833,0.833],"y":[0.818,0.818,1]},"o":{"x":[0.167,0.167,0.167],"y":[0.144,0.144,0]},"t":42,"s":[100.485,100.485,100]},{"i":{"x":[0.833,0.833,0.833],"y":[0.852,0.852,1]},"o":{"x":[0.167,0.167,0.167],"y":[0.154,0.154,0]},"t":43,"s":[100.35,100.35,100]},{"i":{"x":[0.833,0.833,0.833],"y":[0.869,0.869,1]},"o":{"x":[0.167,0.167,0.167],"y":[0.19,0.19,0]},"t":44,"s":[100.191,100.191,100]},{"i":{"x":[0.833,0.833,0.833],"y":[0.884,0.884,1]},"o":{"x":[0.167,0.167,0.167],"y":[0.23,0.23,0]},"t":45,"s":[100.067,100.067,100]},{"i":{"x":[0.833,0.833,0.833],"y":[0.916,0.916,1]},"o":{"x":[0.167,0.167,0.167],"y":[0.294,0.294,0]},"t":46,"s":[99.996,99.996,100]},{"i":{"x":[0.833,0.833,0.833],"y":[6.49,6.49,1]},"o":{"x":[0.167,0.167,0.167],"y":[11.837,11.837,0]},"t":47,"s":[99.968,99.968,100]},{"i":{"x":[0.833,0.833,0.833],"y":[0.818,0.818,1]},"o":{"x":[0.167,0.167,0.167],"y":[0.082,0.082,0]},"t":48,"s":[99.968,99.968,100]},{"i":{"x":[0.833,0.833,0.833],"y":[0.902,0.902,1]},"o":{"x":[0.167,0.167,0.167],"y":[0.154,0.154,0]},"t":49,"s":[99.981,99.981,100]},{"i":{"x":[0.833,0.833,0.833],"y":[0.917,0.917,1]},"o":{"x":[0.167,0.167,0.167],"y":[0.554,0.554,0]},"t":50,"s":[99.997,99.997,100]},{"i":{"x":[0.833,0.833,0.833],"y":[1,1,1]},"o":{"x":[0.167,0.167,0.167],"y":[0,0,0]},"t":51,"s":[100,100,100]},{"i":{"x":[0.833,0.833,0.833],"y":[1,1,1]},"o":{"x":[0.167,0.167,0.167],"y":[0,0,0]},"t":52,"s":[100,100,100]},{"i":{"x":[0.833,0.833,0.833],"y":[1,1,1]},"o":{"x":[0.167,0.167,0.167],"y":[0,0,0]},"t":53,"s":[100,100,100]},{"t":54,"s":[100,100,100]}],"ix":6}},"ao":0,"ef":[{"ty":5,"nm":"AC IN [Q8Y] Controls","np":5,"mn":"Pseudo/MHAC PrCtrl Q8Y 4","ix":1,"en":1,"ef":[{"ty":3,"nm":"Position","mn":"Pseudo/MHAC PrCtrl Q8Y 4-0001","ix":1,"v":{"a":0,"k":[0,500],"ix":1}},{"ty":0,"nm":"Bounces","mn":"Pseudo/MHAC PrCtrl Q8Y 4-0002","ix":2,"v":{"a":0,"k":2,"ix":2}},{"ty":0,"nm":"Scale","mn":"Pseudo/MHAC PrCtrl Q8Y 4-0003","ix":3,"v":{"a":0,"k":0,"ix":3}}]}],"shapes":[{"ty":"gr","it":[{"ind":0,"ty":"sh","ix":1,"ks":{"a":0,"k":{"i":[[0,-19.33],[19.33,0],[0,19.33],[-19.33,0]],"o":[[0,19.33],[-19.33,0],[0,-19.33],[19.33,0]],"v":[[35,0],[0,35],[-35,0],[0,-35]],"c":true},"ix":2},"nm":"Trazado 1","mn":"ADBE Vector Shape - Group","hd":false},{"ty":"fl","c":{"a":0,"k":[1,1,1,1],"ix":4},"o":{"a":0,"k":100,"ix":5},"r":1,"bm":0,"nm":"Relleno 1","mn":"ADBE Vector Graphic - Fill","hd":false},{"ty":"tr","p":{"a":0,"k":[250,140],"ix":2},"a":{"a":0,"k":[0,0],"ix":1},"s":{"a":0,"k":[100,100],"ix":3},"r":{"a":0,"k":0,"ix":6},"o":{"a":0,"k":100,"ix":7},"sk":{"a":0,"k":0,"ix":4},"sa":{"a":0,"k":0,"ix":5},"nm":"Transformar"}],"nm":"Grupo 1","np":2,"cix":2,"bm":0,"ix":1,"mn":"ADBE Vector Group","hd":false},{"ty":"gr","it":[{"ind":0,"ty":"sh","ix":1,"ks":{"a":0,"k":{"i":[[19.33,0],[0,19.33],[0,0],[-19.33,0],[0,-19.33],[0,0]],"o":[[-19.33,0],[0,0],[0,-19.33],[19.33,0],[0,0],[0,19.33]],"v":[[0,97.5],[-35,62.5],[-35,-62.5],[0,-97.5],[35,-62.5],[35,62.5]],"c":true},"ix":2},"nm":"Trazado 1","mn":"ADBE Vector Shape - Group","hd":false},{"ty":"fl","c":{"a":0,"k":[1,1,1,1],"ix":4},"o":{"a":0,"k":100,"ix":5},"r":1,"bm":0,"nm":"Relleno 1","mn":"ADBE Vector Graphic - Fill","hd":false},{"ty":"tr","p":{"a":0,"k":[250,297.5],"ix":2},"a":{"a":0,"k":[0,0],"ix":1},"s":{"a":0,"k":[100,100],"ix":3},"r":{"a":0,"k":0,"ix":6},"o":{"a":0,"k":100,"ix":7},"sk":{"a":0,"k":0,"ix":4},"sa":{"a":0,"k":0,"ix":5},"nm":"Transformar"}],"nm":"Grupo 2","np":2,"cix":2,"bm":0,"ix":2,"mn":"ADBE Vector Group","hd":false}],"ip":16,"op":55,"st":16,"bm":0},{"ddd":0,"ind":2,"ty":4,"nm":"info contornos","sr":1,"ks":{"o":{"a":0,"k":100,"ix":11},"r":{"a":0,"k":0,"ix":10},"p":{"a":0,"k":[400,400,0],"ix":2},"a":{"a":0,"k":[250,250,0],"ix":1},"s":{"a":1,"k":[{"i":{"x":[0.833,0.833,0.833],"y":[0.802,0.802,1]},"o":{"x":[0.167,0.167,0.167],"y":[0.167,0.167,0]},"t":0,"s":[0,0,100]},{"i":{"x":[0.833,0.833,0.833],"y":[0.855,0.855,1]},"o":{"x":[0.167,0.167,0.167],"y":[0.144,0.144,0]},"t":1,"s":[38.344,38.344,100]},{"i":{"x":[0.833,0.833,0.833],"y":[0.889,0.889,1]},"o":{"x":[0.167,0.167,0.167],"y":[0.195,0.195,0]},"t":2,"s":[91.002,91.002,100]},{"i":{"x":[0.833,0.833,0.833],"y":[0.981,0.981,1]},"o":{"x":[0.167,0.167,0.167],"y":[0.333,0.333,0]},"t":3,"s":[130.234,130.234,100]},{"i":{"x":[0.833,0.833,0.833],"y":[0.742,0.742,1]},"o":{"x":[0.167,0.167,0.167],"y":[-0.024,-0.024,0]},"t":4,"s":[143.314,143.314,100]},{"i":{"x":[0.833,0.833,0.833],"y":[0.841,0.841,1]},"o":{"x":[0.167,0.167,0.167],"y":[0.123,0.123,0]},"t":5,"s":[133.145,133.145,100]},{"i":{"x":[0.833,0.833,0.833],"y":[0.875,0.875,1]},"o":{"x":[0.167,0.167,0.167],"y":[0.175,0.175,0]},"t":6,"s":[111.838,111.838,100]},{"i":{"x":[0.833,0.833,0.833],"y":[0.926,0.926,1]},"o":{"x":[0.167,0.167,0.167],"y":[0.25,0.25,0]},"t":7,"s":[92.38,92.38,100]},{"i":{"x":[0.833,0.833,0.833],"y":[0.306,0.306,1]},"o":{"x":[0.167,0.167,0.167],"y":[-0.675,-0.675,0]},"t":8,"s":[82.668,82.668,100]},{"i":{"x":[0.833,0.833,0.833],"y":[0.822,0.822,1]},"o":{"x":[0.167,0.167,0.167],"y":[0.095,0.095,0]},"t":9,"s":[83.736,83.736,100]},{"i":{"x":[0.833,0.833,0.833],"y":[0.863,0.863,1]},"o":{"x":[0.167,0.167,0.167],"y":[0.156,0.156,0]},"t":10,"s":[91.562,91.562,100]},{"i":{"x":[0.833,0.833,0.833],"y":[0.9,0.9,1]},"o":{"x":[0.167,0.167,0.167],"y":[0.212,0.212,0]},"t":11,"s":[100.497,100.497,100]},{"i":{"x":[0.833,0.833,0.833],"y":[1.1,1.1,1]},"o":{"x":[0.167,0.167,0.167],"y":[0.51,0.51,0]},"t":12,"s":[106.269,106.269,100]},{"i":{"x":[0.833,0.833,0.833],"y":[0.788,0.788,1]},"o":{"x":[0.167,0.167,0.167],"y":[0.045,0.045,0]},"t":13,"s":[107.397,107.397,100]},{"i":{"x":[0.833,0.833,0.833],"y":[0.85,0.85,1]},"o":{"x":[0.167,0.167,0.167],"y":[0.138,0.138,0]},"t":14,"s":[104.92,104.92,100]},{"i":{"x":[0.833,0.833,0.833],"y":[0.884,0.884,1]},"o":{"x":[0.167,0.167,0.167],"y":[0.188,0.188,0]},"t":15,"s":[101.108,101.108,100]},{"i":{"x":[0.833,0.833,0.833],"y":[0.956,0.956,1]},"o":{"x":[0.167,0.167,0.167],"y":[0.296,0.296,0]},"t":16,"s":[98.068,98.068,100]},{"i":{"x":[0.833,0.833,0.833],"y":[0.696,0.696,1]},"o":{"x":[0.167,0.167,0.167],"y":[-0.092,-0.092,0]},"t":17,"s":[96.875,96.875,100]},{"i":{"x":[0.833,0.833,0.833],"y":[0.835,0.835,1]},"o":{"x":[0.167,0.167,0.167],"y":[0.115,0.115,0]},"t":18,"s":[97.442,97.442,100]},{"i":{"x":[0.833,0.833,0.833],"y":[0.871,0.871,1]},"o":{"x":[0.167,0.167,0.167],"y":[0.168,0.168,0]},"t":19,"s":[98.94,98.94,100]},{"i":{"x":[0.833,0.833,0.833],"y":[0.916,0.916,1]},"o":{"x":[0.167,0.167,0.167],"y":[0.235,0.235,0]},"t":20,"s":[100.408,100.408,100]},{"i":{"x":[0.833,0.833,0.833],"y":[5.49,5.49,1]},"o":{"x":[0.167,0.167,0.167],"y":[7.059,7.059,0]},"t":21,"s":[101.213,101.213,100]},{"i":{"x":[0.833,0.833,0.833],"y":[0.813,0.813,1]},"o":{"x":[0.167,0.167,0.167],"y":[0.082,0.082,0]},"t":22,"s":[101.223,101.223,100]},{"i":{"x":[0.833,0.833,0.833],"y":[0.859,0.859,1]},"o":{"x":[0.167,0.167,0.167],"y":[0.15,0.15,0]},"t":23,"s":[100.695,100.695,100]},{"i":{"x":[0.833,0.833,0.833],"y":[0.894,0.894,1]},"o":{"x":[0.167,0.167,0.167],"y":[0.203,0.203,0]},"t":24,"s":[100.037,100.037,100]},{"i":{"x":[0.833,0.833,0.833],"y":[1.022,1.022,1]},"o":{"x":[0.167,0.167,0.167],"y":[0.394,0.394,0]},"t":25,"s":[99.58,99.58,100]},{"i":{"x":[0.833,0.833,0.833],"y":[0.77,0.77,1]},"o":{"x":[0.167,0.167,0.167],"y":[0.017,0.017,0]},"t":26,"s":[99.457,99.457,100]},{"i":{"x":[0.833,0.833,0.833],"y":[0.851,0.851,1]},"o":{"x":[0.167,0.167,0.167],"y":[0.131,0.131,0]},"t":27,"s":[99.612,99.612,100]},{"i":{"x":[0.833,0.833,0.833],"y":[0.894,0.894,1]},"o":{"x":[0.167,0.167,0.167],"y":[0.189,0.189,0]},"t":28,"s":[99.886,99.886,100]},{"i":{"x":[0.833,0.833,0.833],"y":[0.986,0.986,1]},"o":{"x":[0.167,0.167,0.167],"y":[0.397,0.397,0]},"t":29,"s":[100.102,100.102,100]},{"i":{"x":[0.833,0.833,0.833],"y":[0.79,0.79,1]},"o":{"x":[0.167,0.167,0.167],"y":[-0.017,-0.017,0]},"t":30,"s":[100.16,100.16,100]},{"i":{"x":[0.833,0.833,0.833],"y":[0.866,0.866,1]},"o":{"x":[0.167,0.167,0.167],"y":[0.138,0.138,0]},"t":31,"s":[100.112,100.112,100]},{"i":{"x":[0.833,0.833,0.833],"y":[0.904,0.904,1]},"o":{"x":[0.167,0.167,0.167],"y":[0.219,0.219,0]},"t":32,"s":[100.039,100.039,100]},{"i":{"x":[0.833,0.833,0.833],"y":[1.064,1.064,1]},"o":{"x":[0.167,0.167,0.167],"y":[0.631,0.631,0]},"t":33,"s":[99.995,99.995,100]},{"i":{"x":[0.833,0.833,0.833],"y":[0.917,0.917,1]},"o":{"x":[0.167,0.167,0.167],"y":[0.036,0.036,0]},"t":34,"s":[99.988,99.988,100]},{"i":{"x":[0.833,0.833,0.833],"y":[1,1,1]},"o":{"x":[0.167,0.167,0.167],"y":[0.001,0.001,0]},"t":35,"s":[100,100,100]},{"i":{"x":[0.833,0.833,0.833],"y":[1,1,1]},"o":{"x":[0.167,0.167,0.167],"y":[0,0,0]},"t":36,"s":[100,100,100]},{"i":{"x":[0.833,0.833,0.833],"y":[1,1,1]},"o":{"x":[0.167,0.167,0.167],"y":[0,0,0]},"t":37,"s":[100,100,100]},{"i":{"x":[0.833,0.833,0.833],"y":[1,1,1]},"o":{"x":[0.167,0.167,0.167],"y":[0,0,0]},"t":38,"s":[100,100,100]},{"i":{"x":[0.833,0.833,0.833],"y":[1,1,1]},"o":{"x":[0.167,0.167,0.167],"y":[0,0,0]},"t":39,"s":[100,100,100]},{"i":{"x":[0.833,0.833,0.833],"y":[1,1,1]},"o":{"x":[0.167,0.167,0.167],"y":[0,0,0]},"t":40,"s":[100,100,100]},{"i":{"x":[0.833,0.833,0.833],"y":[1,1,1]},"o":{"x":[0.167,0.167,0.167],"y":[0,0,0]},"t":41,"s":[100,100,100]},{"i":{"x":[0.833,0.833,0.833],"y":[1,1,1]},"o":{"x":[0.167,0.167,0.167],"y":[0,0,0]},"t":42,"s":[100,100,100]},{"i":{"x":[0.833,0.833,0.833],"y":[1,1,1]},"o":{"x":[0.167,0.167,0.167],"y":[0,0,0]},"t":43,"s":[100,100,100]},{"i":{"x":[0.833,0.833,0.833],"y":[1,1,1]},"o":{"x":[0.167,0.167,0.167],"y":[0,0,0]},"t":44,"s":[100,100,100]},{"i":{"x":[0.833,0.833,0.833],"y":[1,1,1]},"o":{"x":[0.167,0.167,0.167],"y":[0,0,0]},"t":45,"s":[100,100,100]},{"i":{"x":[0.833,0.833,0.833],"y":[1,1,1]},"o":{"x":[0.167,0.167,0.167],"y":[0,0,0]},"t":46,"s":[100,100,100]},{"i":{"x":[0.833,0.833,0.833],"y":[1,1,1]},"o":{"x":[0.167,0.167,0.167],"y":[0,0,0]},"t":47,"s":[100,100,100]},{"i":{"x":[0.833,0.833,0.833],"y":[1,1,1]},"o":{"x":[0.167,0.167,0.167],"y":[0,0,0]},"t":48,"s":[100,100,100]},{"i":{"x":[0.833,0.833,0.833],"y":[1,1,1]},"o":{"x":[0.167,0.167,0.167],"y":[0,0,0]},"t":49,"s":[100,100,100]},{"i":{"x":[0.833,0.833,0.833],"y":[1,1,1]},"o":{"x":[0.167,0.167,0.167],"y":[0,0,0]},"t":50,"s":[100,100,100]},{"i":{"x":[0.833,0.833,0.833],"y":[1,1,1]},"o":{"x":[0.167,0.167,0.167],"y":[0,0,0]},"t":51,"s":[100,100,100]},{"i":{"x":[0.833,0.833,0.833],"y":[1,1,1]},"o":{"x":[0.167,0.167,0.167],"y":[0,0,0]},"t":52,"s":[100,100,100]},{"i":{"x":[0.833,0.833,0.833],"y":[1,1,1]},"o":{"x":[0.167,0.167,0.167],"y":[0,0,0]},"t":53,"s":[100,100,100]},{"t":54,"s":[100,100,100]}],"ix":6}},"ao":0,"ef":[{"ty":5,"nm":"AC IN [NWX] Controls","np":4,"mn":"Pseudo/MHAC PrCtrl NWX 4","ix":1,"en":1,"ef":[{"ty":0,"nm":"Number of bounces","mn":"Pseudo/MHAC PrCtrl NWX 4-0001","ix":1,"v":{"a":0,"k":4,"ix":1}},{"ty":0,"nm":"Scale","mn":"Pseudo/MHAC PrCtrl NWX 4-0002","ix":2,"v":{"a":0,"k":0,"ix":2}}]}],"shapes":[{"ty":"gr","it":[{"ind":0,"ty":"sh","ix":1,"ks":{"a":0,"k":{"i":[[0,-131.167],[131.168,0],[0,131.168],[-131.168,0]],"o":[[0,131.168],[-131.168,0],[0,-131.167],[131.168,0]],"v":[[237.5,0],[0,237.5],[-237.5,0],[0,-237.5]],"c":true},"ix":2},"nm":"Trazado 1","mn":"ADBE Vector Shape - Group","hd":false},{"ty":"fl","c":{"a":0,"k":[0.3137254901960784,0.4627450980392157,0.9294117647058824,1],"ix":4},"o":{"a":0,"k":100,"ix":5},"r":1,"bm":0,"nm":"Relleno 1","mn":"ADBE Vector Graphic - Fill","hd":false},{"ty":"tr","p":{"a":0,"k":[250,250],"ix":2},"a":{"a":0,"k":[0,0],"ix":1},"s":{"a":0,"k":[100,100],"ix":3},"r":{"a":0,"k":0,"ix":6},"o":{"a":0,"k":100,"ix":7},"sk":{"a":0,"k":0,"ix":4},"sa":{"a":0,"k":0,"ix":5},"nm":"Transformar"}],"nm":"Grupo 3","np":2,"cix":2,"bm":0,"ix":1,"mn":"ADBE Vector Group","hd":false}],"ip":0,"op":55,"st":0,"bm":0}],"markers":[]}