{"v":"5.7.13","fr":30,"ip":0,"op":40,"w":400,"h":600,"nm":"1640748377314659","ddd":0,"assets":[],"layers":[{"ddd":0,"ind":1,"ty":4,"nm":"黄色桃心","sr":1,"ks":{"o":{"a":1,"k":[{"i":{"x":[0.833],"y":[0.833]},"o":{"x":[0.167],"y":[0.167]},"t":12,"s":[100],"e":[0]},{"t":21}],"ix":11},"r":{"a":0,"k":-5,"ix":10},"p":{"a":1,"k":[{"i":{"x":0.5,"y":1},"o":{"x":0.167,"y":0.204},"t":10,"s":[199.5,487.177,0],"e":[191.5,384.177,0],"to":[-1.333,-17.167,0],"ti":[1.333,17.167,0]},{"t":21}],"ix":2,"l":2},"a":{"a":0,"k":[0,0,0],"ix":1,"l":2},"s":{"a":1,"k":[{"i":{"x":[0.833,0.833,0.833],"y":[0.833,0.833,0.833]},"o":{"x":[0.167,0.167,0.167],"y":[0.167,0.167,0.167]},"t":2,"s":[177.322,177.322,100],"e":[149.322,149.322,100]},{"i":{"x":[0.833,0.833,0.833],"y":[0.833,0.833,0.833]},"o":{"x":[0.167,0.167,0.167],"y":[0.167,0.167,0.167]},"t":4,"s":[149.322,149.322,100],"e":[180.322,180.322,100]},{"i":{"x":[0.833,0.833,0.833],"y":[0.833,0.833,0.833]},"o":{"x":[0.167,0.167,0.167],"y":[0.167,0.167,0.167]},"t":8,"s":[180.322,180.322,100],"e":[239.322,239.322,100]},{"i":{"x":[0.833,0.833,0.833],"y":[0.833,0.833,0.833]},"o":{"x":[0.167,0.167,0.167],"y":[0.167,0.167,0.167]},"t":10,"s":[239.322,239.322,100],"e":[190.322,190.322,100]},{"i":{"x":[0.833,0.833,0.833],"y":[0.833,0.833,0.833]},"o":{"x":[0.167,0.167,0.167],"y":[0.167,0.167,0.167]},"t":12,"s":[190.322,190.322,100],"e":[216.322,216.322,100]},{"t":21}],"ix":6,"l":2,"x":"var $bm_rt;\nvar amp, freq, decay, n, n, t, t, v;\ntry {\n    amp = $bm_div(effect('Elastic Controller 缩放')(1), 240);\n    freq = $bm_div(effect('Elastic Controller 缩放')(2), 20);\n    decay = $bm_div(effect('Elastic Controller 缩放')(3), 6);\n    $bm_rt = n = 0;\n    if (numKeys > 0) {\n        $bm_rt = n = nearestKey(time).index;\n        if (key(n).time > time) {\n            n--;\n        }\n    }\n    if (n == 0) {\n        $bm_rt = t = 0;\n    } else {\n        $bm_rt = t = $bm_sub(time, key(n).time);\n    }\n    if (n > 0) {\n        v = velocityAtTime($bm_sub(key(n).time, $bm_div(thisComp.frameDuration, 10)));\n        $bm_rt = $bm_sum(value, $bm_div($bm_mul($bm_mul(v, amp), Math.sin($bm_mul($bm_mul($bm_mul(freq, t), 2), Math.PI))), Math.exp($bm_mul(decay, t))));\n    } else {\n        $bm_rt = value;\n    }\n} catch (e$$4) {\n    $bm_rt = value = value;\n}"}},"ao":0,"ef":[{"ty":5,"nm":"Elastic Controller 缩放","np":5,"mn":"Pseudo/MDS Elastic Controller","ix":1,"en":1,"ef":[{"ty":0,"nm":"Amplitude","mn":"Pseudo/MDS Elastic Controller-0001","ix":1,"v":{"a":0,"k":20,"ix":1}},{"ty":0,"nm":"Frequency","mn":"Pseudo/MDS Elastic Controller-0002","ix":2,"v":{"a":0,"k":40,"ix":2}},{"ty":0,"nm":"Decay","mn":"Pseudo/MDS Elastic Controller-0003","ix":3,"v":{"a":0,"k":60,"ix":3}}]}],"shapes":[{"ty":"gr","it":[{"ind":0,"ty":"sh","ix":1,"ks":{"a":0,"k":{"i":[[10.154,10.154],[0,0],[10.154,-10.154],[0,0],[0.781,0.781],[0,0],[10.154,-10.154],[0,0],[-9.263,-13.259],[-11.374,-8.752],[-2.877,2.214],[-8.939,12.796]],"o":[[0,0],[-10.154,-10.154],[0,0],[-0.781,0.781],[0,0],[-10.154,-10.154],[0,0],[-10.154,10.154],[8.939,12.796],[2.877,2.214],[11.374,-8.752],[9.263,-13.259]],"v":[[41.012,-34.062],[41.012,-34.062],[4.243,-34.062],[1.414,-31.234],[-1.414,-31.234],[-4.243,-34.062],[-41.012,-34.062],[-41.012,-34.062],[-41.716,4.843],[-4.875,40.019],[4.875,40.019],[41.716,4.843]],"c":true},"ix":2},"nm":"路径 1","mn":"ADBE Vector Shape - Group","hd":false},{"ty":"gf","o":{"a":0,"k":100,"ix":10},"r":1,"bm":0,"g":{"p":2,"k":{"a":0,"k":[0,0.992,0.811,0,1,1,0.6,0],"ix":9}},"s":{"a":0,"k":[-45,-38],"ix":5},"e":{"a":0,"k":[27,31],"ix":6},"t":1,"nm":"渐变填充 1","mn":"ADBE Vector Graphic - G-Fill","hd":false},{"ty":"tr","p":{"a":0,"k":[0,0],"ix":2},"a":{"a":0,"k":[0,0],"ix":1},"s":{"a":0,"k":[100,100],"ix":3},"r":{"a":0,"k":0,"ix":6},"o":{"a":0,"k":100,"ix":7},"sk":{"a":0,"k":0,"ix":4},"sa":{"a":0,"k":0,"ix":5},"nm":"变换"}],"nm":"组 1","np":2,"cix":2,"bm":0,"ix":1,"mn":"ADBE Vector Group","hd":false}],"ip":0,"op":40,"st":-30,"bm":0},{"ddd":0,"ind":2,"ty":4,"nm":"紫色桃心","sr":1,"ks":{"o":{"a":1,"k":[{"i":{"x":[0.833],"y":[0.833]},"o":{"x":[0.167],"y":[0.167]},"t":0,"s":[85],"e":[100]},{"i":{"x":[0.833],"y":[0.833]},"o":{"x":[0.167],"y":[0.167]},"t":27,"s":[100],"e":[0]},{"t":32}],"ix":11},"r":{"a":1,"k":[{"i":{"x":[0.49],"y":[1.481]},"o":{"x":[0.077],"y":[0]},"t":2,"s":[-3],"e":[-22.486]},{"i":{"x":[0.776],"y":[1]},"o":{"x":[0.344],"y":[0.196]},"t":12,"s":[-22.486],"e":[42]},{"t":32}],"ix":10},"p":{"a":1,"k":[{"i":{"x":0.92,"y":1},"o":{"x":0.2,"y":0},"t":2,"s":[191.75,412.427,0],"e":[214.25,155.427,0],"to":[-56.375,-71.708,0],"ti":[-78.625,56.708,0]},{"t":32}],"ix":2,"l":2},"a":{"a":0,"k":[0,0,0],"ix":1,"l":2},"s":{"a":1,"k":[{"i":{"x":[0.833,0.833,0.833],"y":[0.833,0.833,0.833]},"o":{"x":[0.167,0.167,0.167],"y":[0.167,0.167,0.167]},"t":2,"s":[77.399,77.399,100],"e":[35.399,35.399,100]},{"t":32}],"ix":6,"l":2}},"ao":0,"shapes":[{"ty":"gr","it":[{"ind":0,"ty":"sh","ix":1,"ks":{"a":0,"k":{"i":[[10.154,10.154],[0,0],[10.154,-10.154],[0,0],[0.781,0.781],[0,0],[10.154,-10.154],[0,0],[-9.263,-13.259],[-11.374,-8.752],[-2.877,2.214],[-8.939,12.796]],"o":[[0,0],[-10.154,-10.154],[0,0],[-0.781,0.781],[0,0],[-10.154,-10.154],[0,0],[-10.154,10.154],[8.939,12.796],[2.877,2.214],[11.374,-8.752],[9.263,-13.259]],"v":[[41.012,-34.062],[41.012,-34.062],[4.243,-34.062],[1.414,-31.234],[-1.414,-31.234],[-4.243,-34.062],[-41.012,-34.062],[-41.012,-34.062],[-41.716,4.843],[-4.875,40.019],[4.875,40.019],[41.716,4.843]],"c":true},"ix":2},"nm":"路径 1","mn":"ADBE Vector Shape - Group","hd":false},{"ty":"gf","o":{"a":0,"k":100,"ix":10},"r":1,"bm":0,"g":{"p":2,"k":{"a":0,"k":[0,0.650,0.243,0.933,1,0.496,0.121,0.854],"ix":9}},"s":{"a":0,"k":[-39,-33],"ix":5},"e":{"a":0,"k":[47,40],"ix":6},"t":1,"nm":"渐变填充 1","mn":"ADBE Vector Graphic - G-Fill","hd":false},{"ty":"tr","p":{"a":0,"k":[0,0],"ix":2},"a":{"a":0,"k":[0,0],"ix":1},"s":{"a":0,"k":[100,100],"ix":3},"r":{"a":0,"k":0,"ix":6},"o":{"a":0,"k":100,"ix":7},"sk":{"a":0,"k":0,"ix":4},"sa":{"a":0,"k":0,"ix":5},"nm":"变换"}],"nm":"组 1","np":2,"cix":2,"bm":0,"ix":1,"mn":"ADBE Vector Group","hd":false}],"ip":0,"op":40,"st":-30,"bm":0},{"ddd":0,"ind":3,"ty":4,"nm":"红色桃心","sr":1,"ks":{"o":{"a":1,"k":[{"i":{"x":[0.833],"y":[0.833]},"o":{"x":[0.167],"y":[0.167]},"t":31,"s":[100],"e":[0]},{"t":36}],"ix":11},"r":{"a":1,"k":[{"i":{"x":[0.493],"y":[1.951]},"o":{"x":[0.106],"y":[0]},"t":2,"s":[6],"e":[16.544]},{"i":{"x":[0.803],"y":[1]},"o":{"x":[0.323],"y":[0.257]},"t":10,"s":[16.544],"e":[-64]},{"t":36}],"ix":10},"p":{"a":1,"k":[{"i":{"x":0.8,"y":1},"o":{"x":0.1,"y":0},"t":2,"s":[194.75,406.927,0],"e":[150.25,93.427,0],"to":[58.625,-124.708,0],"ti":[116.375,39.708,0]},{"t":36}],"ix":2,"l":2},"a":{"a":0,"k":[0,0,0],"ix":1,"l":2},"s":{"a":1,"k":[{"i":{"x":[0.833,0.833,0.833],"y":[0.833,0.833,0.833]},"o":{"x":[0.167,0.167,0.167],"y":[0.167,0.167,0.167]},"t":2,"s":[30.399,30.399,100],"e":[10.399,10.399,100]},{"t":36}],"ix":6,"l":2}},"ao":0,"shapes":[{"ty":"gr","it":[{"ind":0,"ty":"sh","ix":1,"ks":{"a":0,"k":{"i":[[10.154,10.154],[0,0],[10.154,-10.154],[0,0],[0.781,0.781],[0,0],[10.154,-10.154],[0,0],[-9.263,-13.259],[-11.374,-8.752],[-2.877,2.214],[-8.939,12.796]],"o":[[0,0],[-10.154,-10.154],[0,0],[-0.781,0.781],[0,0],[-10.154,-10.154],[0,0],[-10.154,10.154],[8.939,12.796],[2.877,2.214],[11.374,-8.752],[9.263,-13.259]],"v":[[41.012,-34.062],[41.012,-34.062],[4.243,-34.062],[1.414,-31.234],[-1.414,-31.234],[-4.243,-34.062],[-41.012,-34.062],[-41.012,-34.062],[-41.716,4.843],[-4.875,40.019],[4.875,40.019],[41.716,4.843]],"c":true},"ix":2},"nm":"路径 1","mn":"ADBE Vector Shape - Group","hd":false},{"ty":"gf","o":{"a":0,"k":100,"ix":10},"r":1,"bm":0,"g":{"p":2,"k":{"a":0,"k":[0,0.929,0.262,0.443,1,0.945,0.09,0.09],"ix":9}},"s":{"a":0,"k":[-42,-35],"ix":5},"e":{"a":0,"k":[50,50],"ix":6},"t":1,"nm":"渐变填充 1","mn":"ADBE Vector Graphic - G-Fill","hd":false},{"ty":"tr","p":{"a":0,"k":[0,0],"ix":2},"a":{"a":0,"k":[0,0],"ix":1},"s":{"a":0,"k":[100,100],"ix":3},"r":{"a":0,"k":0,"ix":6},"o":{"a":0,"k":100,"ix":7},"sk":{"a":0,"k":0,"ix":4},"sa":{"a":0,"k":0,"ix":5},"nm":"变换"}],"nm":"组 1","np":2,"cix":2,"bm":0,"ix":1,"mn":"ADBE Vector Group","hd":false}],"ip":0,"op":40,"st":-30,"bm":0},{"ddd":0,"ind":4,"ty":4,"nm":"粉红色桃心","sr":1,"ks":{"o":{"a":1,"k":[{"i":{"x":[0.833],"y":[0.833]},"o":{"x":[0.167],"y":[0.167]},"t":0,"s":[85],"e":[100]},{"i":{"x":[0.833],"y":[0.833]},"o":{"x":[0.167],"y":[0.167]},"t":20,"s":[100],"e":[0]},{"t":25}],"ix":11},"r":{"a":1,"k":[{"i":{"x":[0.833],"y":[0.833]},"o":{"x":[0.167],"y":[0.167]},"t":2,"s":[-22],"e":[16]},{"t":25}],"ix":10},"p":{"a":1,"k":[{"i":{"x":0.48,"y":1},"o":{"x":0.02,"y":0},"t":2,"s":[177.25,396.927,0],"e":[115,92.677,0],"to":[-64.375,-117.708,0],"ti":[-17.625,69.708,0]},{"t":25}],"ix":2,"l":2},"a":{"a":0,"k":[0,0,0],"ix":1,"l":2},"s":{"a":1,"k":[{"i":{"x":[0.833,0.833,0.833],"y":[0.833,0.833,0.833]},"o":{"x":[0.167,0.167,0.167],"y":[0.167,0.167,0.167]},"t":2,"s":[67.399,67.399,100],"e":[29.399,29.399,100]},{"t":25}],"ix":6,"l":2}},"ao":0,"shapes":[{"ty":"gr","it":[{"ind":0,"ty":"sh","ix":1,"ks":{"a":0,"k":{"i":[[10.154,10.154],[0,0],[10.154,-10.154],[0,0],[0.781,0.781],[0,0],[10.154,-10.154],[0,0],[-9.263,-13.259],[-11.374,-8.752],[-2.877,2.214],[-8.939,12.796]],"o":[[0,0],[-10.154,-10.154],[0,0],[-0.781,0.781],[0,0],[-10.154,-10.154],[0,0],[-10.154,10.154],[8.939,12.796],[2.877,2.214],[11.374,-8.752],[9.263,-13.259]],"v":[[41.012,-34.062],[41.012,-34.062],[4.243,-34.062],[1.414,-31.234],[-1.414,-31.234],[-4.243,-34.062],[-41.012,-34.062],[-41.012,-34.062],[-41.716,4.843],[-4.875,40.019],[4.875,40.019],[41.716,4.843]],"c":true},"ix":2},"nm":"路径 1","mn":"ADBE Vector Shape - Group","hd":false},{"ty":"gf","o":{"a":0,"k":100,"ix":10},"r":1,"bm":0,"g":{"p":2,"k":{"a":0,"k":[0,1,0.360,0.650,1,1,0,0.345],"ix":9}},"s":{"a":0,"k":[-44,-39],"ix":5},"e":{"a":0,"k":[33,39],"ix":6},"t":1,"nm":"渐变填充 1","mn":"ADBE Vector Graphic - G-Fill","hd":false},{"ty":"tr","p":{"a":0,"k":[0,0],"ix":2},"a":{"a":0,"k":[0,0],"ix":1},"s":{"a":0,"k":[100,100],"ix":3},"r":{"a":0,"k":0,"ix":6},"o":{"a":0,"k":100,"ix":7},"sk":{"a":0,"k":0,"ix":4},"sa":{"a":0,"k":0,"ix":5},"nm":"变换"}],"nm":"组 1","np":2,"cix":2,"bm":0,"ix":1,"mn":"ADBE Vector Group","hd":false}],"ip":0,"op":40,"st":-30,"bm":0},{"ddd":0,"ind":5,"ty":4,"nm":"蓝色桃心","sr":1,"ks":{"o":{"a":1,"k":[{"i":{"x":[0.833],"y":[0.833]},"o":{"x":[0.167],"y":[0.167]},"t":0,"s":[85],"e":[100]},{"i":{"x":[0.833],"y":[0.833]},"o":{"x":[0.167],"y":[0.167]},"t":22,"s":[100],"e":[0]},{"t":27}],"ix":11},"r":{"a":1,"k":[{"i":{"x":[0.776],"y":[1]},"o":{"x":[0.077],"y":[0]},"t":2,"s":[46],"e":[-22]},{"t":27}],"ix":10},"p":{"a":1,"k":[{"i":{"x":0.46,"y":1},"o":{"x":0.04,"y":0},"t":2,"s":[208.75,415.427,0],"e":[295.75,137.927,0],"to":[90.625,-61.708,0],"ti":[51.375,83.708,0]},{"t":27}],"ix":2,"l":2},"a":{"a":0,"k":[0,0,0],"ix":1,"l":2},"s":{"a":1,"k":[{"i":{"x":[0.833,0.833,0.833],"y":[0.833,0.833,0.833]},"o":{"x":[0.167,0.167,0.167],"y":[0.167,0.167,0.167]},"t":2,"s":[77.399,77.399,100],"e":[32.399,32.399,100]},{"t":27}],"ix":6,"l":2}},"ao":0,"shapes":[{"ty":"gr","it":[{"ind":0,"ty":"sh","ix":1,"ks":{"a":0,"k":{"i":[[10.154,10.154],[0,0],[10.154,-10.154],[0,0],[0.781,0.781],[0,0],[10.154,-10.154],[0,0],[-9.263,-13.259],[-11.374,-8.752],[-2.877,2.214],[-8.939,12.796]],"o":[[0,0],[-10.154,-10.154],[0,0],[-0.781,0.781],[0,0],[-10.154,-10.154],[0,0],[-10.154,10.154],[8.939,12.796],[2.877,2.214],[11.374,-8.752],[9.263,-13.259]],"v":[[41.012,-34.062],[41.012,-34.062],[4.243,-34.062],[1.414,-31.234],[-1.414,-31.234],[-4.243,-34.062],[-41.012,-34.062],[-41.012,-34.062],[-41.716,4.843],[-4.875,40.019],[4.875,40.019],[41.716,4.843]],"c":true},"ix":2},"nm":"路径 1","mn":"ADBE Vector Shape - Group","hd":false},{"ty":"gf","o":{"a":0,"k":100,"ix":10},"r":1,"bm":0,"g":{"p":2,"k":{"a":0,"k":[0,0.105,0.882,0.933,1,0.137,0.666,0.941],"ix":9}},"s":{"a":0,"k":[-38,-33],"ix":5},"e":{"a":0,"k":[59,43],"ix":6},"t":1,"nm":"渐变填充 1","mn":"ADBE Vector Graphic - G-Fill","hd":false},{"ty":"tr","p":{"a":0,"k":[0,0],"ix":2},"a":{"a":0,"k":[0,0],"ix":1},"s":{"a":0,"k":[100,100],"ix":3},"r":{"a":0,"k":0,"ix":6},"o":{"a":0,"k":100,"ix":7},"sk":{"a":0,"k":0,"ix":4},"sa":{"a":0,"k":0,"ix":5},"nm":"变换"}],"nm":"组 1","np":2,"cix":2,"bm":0,"ix":1,"mn":"ADBE Vector Group","hd":false}],"ip":0,"op":40,"st":-30,"bm":0}],"markers":[]}